Organization Name,Networks Shared With Me,Networks I'm Sharing
Coffee County GA SO,,Lee's Summit MO PD
Fort Pierce FL PD,,Lee's Summit MO PD
Seminole County FL SO,,Lee's Summit MO PD
Dixie County FL SO,,Lee's Summit MO PD
St. Lucie County FL SO,,Lee's Summit MO PD
Boynton Beach FL PD,,Lee's Summit MO PD
Home Depot Corporation,"Home Depot - #3011 (MO),Home Depot - #3021 (MO),Home Depot - #3027 (MO),Home Depot - #3015 (MO),Home Depot - #3029 (MO),Home Depot - #3006 (MO),Home Depot - #3033 (MO),Home Depot - #3007 (MO),Home Depot - #3013 (MO),Home Depot - #3042 (MO),Home Depot - #3038 (MO),Home Depot - #3012 (MO),Home Depot - #3016 (MO),Home Depot - #3008 (MO),Home Depot - #3022 (MO),Home Depot - #8994 (MO),Home Depot - #3009 (MO),Home Depot - #3003 (MO),Home Depot - #3014 (MO),Home Depot - #3018 (MO),Home Depot - #3024 (MO),Home Depot - #3019 (MO),Home Depot - #8984 (MO),Home Depot - #3010 (MO),Home Depot - #3034 (MO),Home Depot - #3036 (MO),Home Depot - #3037 (MO),Home Depot - #3026 (MO),Home Depot - #3002 (MO),Home Depot - #3025 (MO),Home Depot - #3004 (MO),Home Depot - #8460 (MO),Home Depot - #3001 (MO),Home Depot - #3032 (MO)",
Monmouth IL PD,Monmouth IL PD,
Reno County KS SO,Reno County KS SO,
Crystal Lake IL PD,Crystal Lake IL PD ,Lee's Summit MO PD
Schuyler Co. IL SO,Schuyler Co. IL SP,Lee's Summit MO PD
Washington County MO SO,Washington County MO SO,Lee's Summit MO PD
Cobb County GA PD,Cobb County GA PD,Lee's Summit MO PD
Chatham IL PD,"Chatham IL PD,Chatham IL PD Condors,Chatham IL PD (Flex)",Lee's Summit MO PD
IA - Eldridge PD,Eldridge PD (IA),Lee's Summit MO PD
Cedar Valley MO,Cedar Valley MO,
Cape Girardeau County MO SO,Cape Girardeau County MO SO,Lee's Summit MO PD
Dyer County TN SO,Dyer County TN SO ,Lee's Summit MO PD
El Dorado AR PD,El Dorado AR PD,Lee's Summit MO PD
Peoria IL PD,Peoria IL PD,Lee's Summit MO PD
North County Cooperative MO PD,"City of Dellwood MO - North County Coop MO PD,City of Vinita Park MO - North County Coop MO PD,City of Wellston MO - North County Coop MO PD",Lee's Summit MO PD
Marion Health PD (IN),Marion Health PD (IN),Lee's Summit MO PD
Jeffersontown KY PD,Jeffersontown KY PD,Lee's Summit MO PD
Camden County MO SO,Camden County MO SO,
Cedar Lake IN PD,Cedar Lake IN PD,
Lake Delton WI PD,Lake Delton WI PD,Lee's Summit MO PD
Wheeler County NE SO ,Wheeler County NE SO,Lee's Summit MO PD
Lowe's Corporation ,"Lowes - #0008,Lowes - #1078,Lowe's - #0764,Lowes - #1565,Lowes - #3994 SC,Lowe's - #0731,Lowes - #1098,Lowes - #2767,Lowes - #2565,Lowe's - #0278,Lowes - #2849,Lowe's - #1966,Lowes - #1147,Lowes - #1746,Lowes - #3994 SC (MO) - Raven,Lowe's - #2300,Lowe's - #0422,Lowes - #0733,Lowes - #2311,Lowes - #1077,Lowes - #1209,Lowe's - #2991,Lowe's - #2626,Lowes - #2761,Lowe's - #0317,Lowes - #3995,Lowes - #2729,Lowes - #2943,Lowes - #2647,Lowe's - #2303,Lowe's - #0305,Lowes - #1083,Lowes - #2300 (MO) - Raven,Lowes - #1096,Lowes - #1437,Lowe's - #1055,Lowes - #1180,Lowes - #1623,Lowe's - #1057,Lowe's - #1503,Lowes - #1067,Lowes - #3641,Lowe's - #2459,Lowes - #2769,Lowe's - #3088,Lowe's - #2576,Lowes - #3887 SC,Lowes - #1648,Lowe's - #1809,Lowe's - #2314,Lowes - #2226,Lowes - #0753,Lowe's - #2600",
Bossier City LA PD,Bossier City LA PD,Lee's Summit MO PD
Monroe County WI SO,Monroe County WI SO,Lee's Summit MO PD
Wellsville PD KS ,Wellsville PD KS ,Lee's Summit MO PD
Grant County WI SO,Grant County WI SO ,Lee's Summit MO PD
Grain Valley MO PD,Grain Valley MO PD,Lee's Summit MO PD
Sarasota FL PD,Sarasota FL PD,Lee's Summit MO PD
Lebanon TN PD,Lebanon TN PD,Lee's Summit MO PD
Logansport IN PD,Logansport IN PD,Lee's Summit MO PD
Robertson County TN SO,Robertson County SO TN,Lee's Summit MO PD
Indian Hills KY PD,Indian Hills KY PD,Lee's Summit MO PD
Lafayette IN PD,Lafayette PD IN,Lee's Summit MO PD
Sedalia MO PD,Sedalia MO PD - Falcon,Lee's Summit MO PD
Union MO PD,Union PD (MO),Lee's Summit MO PD
South Bend IN PD,South Bend IN PD,Lee's Summit MO PD
Jackson TN PD,"Jackson TN PD,Jackson TN PD (Flex)",Lee's Summit MO PD
Jacksonville AR PD,Jacksonville AR PD,
Wentzville MO PD,"Wentzville MO PD,Wentzville Parks and Recreation MO",Lee's Summit MO PD
Portage WI PD,Portage WI PD,
Pulaski County MO SO,Pulaski County MO SO,Lee's Summit MO PD
North MO DTF Brookfield MO PD,North MO DTF Brookfield MO PD,Lee's Summit MO PD
Hanover IN PD,Hanover IN PD,
Northbrook IL PD,Northbrook IL PD,Lee's Summit MO PD
St. Charles City MO PD,St. Charles City MO PD,Lee's Summit MO PD
Fishers IN PD,Fishers IN PD,Lee's Summit MO PD
Moscow Mills MO PD,Moscow Mills MO PD,
Columbus IN PD,Columbus IN PD,Lee's Summit MO PD
Rome WI PD,"Rome WI PD Flex,Rome WI PD",
Grafton WI PD,Grafton WI PD,Lee's Summit MO PD
Crowley TX PD,Crowley TX PD,Lee's Summit MO PD
Ward AR PD,Ward AR PD,
Maryland Heights MO PD,"Maryland Heights MO PD,Maryland Heights Visitor Center (MO)",Lee's Summit MO PD
St. Louis County MO PD,"Village of Wilbur Park MO - SLCPD,City of Green Park MO - SLCPD,City of Fenton MO - SLCPD,City of Valley Park MO - SLCPD,City of Pasadena Hills MO - SLCPD,City of Wildwood MO - SLCPD,City of Black Jack MO - SLCPD",Lee's Summit MO PD
Vanderburgh County IN SO,Vanderburgh County IN SO ,Lee's Summit MO PD
Colbert County AL SO,Colbert County AL SO,Lee's Summit MO PD
Randolph County AR SO ,Randolph County AR SO ,
Burr Ridge IL PD,Burr Ridge IL PD,Lee's Summit MO PD
Paris TN PD,Paris TN PD,Lee's Summit MO PD
Kearney MO PD,Kearney MO PD,Lee's Summit MO PD
Hugo OK PD,Hugo OK PD,Lee's Summit MO PD
Reedsburg WI PD,Reedsburg WI PD,
Michigan City IN PD,Michigan City IN PD,Lee's Summit MO PD
Valley Center KS DPS,Valley Center KS DPS,
Fulton MS PD,Fulton MS PD,Lee's Summit MO PD
Hamilton County IN SO,"Hamilton County IN SO (Condors),Hamilton County IN SO (Trailers),Hamilton County IN SO (Community Cameras),Hamilton County IN SO (Flex)",Lee's Summit MO PD
Oakland TN PD,"Oakland TN PD,Oakland TN PD (FLEX)",Lee's Summit MO PD
Plover WI PD,Plover WI PD,Lee's Summit MO PD
Mount Vernon TX ISD PD,Mt. Vernon ISD (TX),Lee's Summit MO PD
Cass County MO SO,"Cass County MO SO,City of Freeman MO - Cass County MO SO,Cass County MO SO (Flex)",Lee's Summit MO PD
Dickson TN PD,Dickson TN PD,Lee's Summit MO PD
UT Southwestern Medical Center TX ,UT Southwestern Medical Center TX ,
Audrain County MO SO,Audrain County MO SO,Lee's Summit MO PD
Indianapolis International Airport IN PD,Indianapolis International Airport IN PD,
Jefferson City MO PD,"Jefferson City MO PD,Jefferson City MO PD (Flex)",Lee's Summit MO PD
Shelby County TN SO,"Lakeland TN,Shelby County TN SO,Town of Arlington (TN)",Lee's Summit MO PD
Greenbrier TN PD,Greenbrier TN PD,Lee's Summit MO PD
Knox County SO NE,Knox County SO NE,Lee's Summit MO PD
Peotone IL PD ,Peotone IL PD ,Lee's Summit MO PD
Greenfield IN PD,Greenfield IN PD,Lee's Summit MO PD
Greene County MO SO,"Greene County MO SO Flex,Greene County MO SO",Lee's Summit MO PD
Marion IN PD,Marion IN PD,Lee's Summit MO PD
Plymouth WI PD,Plymouth WI PD,
El Paso IL PD,El Paso IL PD ,
Jefferson County KY SO,Jefferson County KY SO,Lee's Summit MO PD
Waukesha County WI SO,"Waukesha County WI SO (Village of Lisbon),Waukesha County WI SO (Village of Sussex),Waukesha County WI SO (City of Pewaukee WI)",
Hendersonville TN PD,Hendersonville TN PD,Lee's Summit MO PD
Shelbyville IN PD ,"Shelbyville IN PD (Flex),Shelbyville IN PD ",Lee's Summit MO PD
Coffeyville KS PD,Coffeyville KS PD,Lee's Summit MO PD
Sumner County TN SO,Sumner County TN SO,Lee's Summit MO PD
Rusk CO TX SO,Rusk County SO (TX) Flex LPR,Lee's Summit MO PD
Cottage Grove WI PD,Cottage Grove WI PD,
Tinley Park IL PD,Tinley Park IL PD,Lee's Summit MO PD
Hoopeston IL PD ,Hoopeston IL PD ,Lee's Summit MO PD
Spring Valley IL PD,Spring Valley IL PD,Lee's Summit MO PD
Leavenworth KS PD,Leavenworth KS PD,Lee's Summit MO PD
Hickory Hills IL PD,Hickory Hills IL PD,Lee's Summit MO PD
Reno TX PD,Reno TX PD,
Junction City KS PD,Junction City KS PD,Lee's Summit MO PD
Lavon TX PD ,Lavon TX PD ,Lee's Summit MO PD
Dubois County IN SO,Dubois County SO IN,
Russellville AL PD,Russellville AL PD,Lee's Summit MO PD
Sikeston MO DPS,Sikeston MO PD,Lee's Summit MO PD
Milan TN PD,Milan TN PD,Lee's Summit MO PD
Texas Department of Criminal Justice,Texas Department of Criminal Justice,Lee's Summit MO PD
Trousdale County TN SO,Trousdale County TN SO,Lee's Summit MO PD
O'Fallon MO PD,"O'Fallon MO PD (Flex),O'Fallon MO PD",Lee's Summit MO PD
McHenry County Conservation District IL PD,McHenry County IL SO,
Newton IA PD,Newton IA PD,Lee's Summit MO PD
Ferdinand IN PD,Ferdinand IN PD,
Pratt County KS SO,Pratt County KS SO,Lee's Summit MO PD
Parsons KS PD,Parsons KS PD,Lee's Summit MO PD
Woodland Shores (MO),Woodland Shores (MO),
Watertown WI PD,Watertown WI PD,
University City MO PD,University City MO PD,"Lee's Summit MO PD (Flex),Lee's Summit MO PD"
Evansville IN PD,Evansville IN PD,Lee's Summit MO PD
Johnston IA PD,Johnston IA PD,Lee's Summit MO PD
Dick's Sporting Goods (PA),"MO #1301,MO #0452",
Green Lake County WI SO,Green Lake County WI SO (LPR),Lee's Summit MO PD
St. John MO PD,St. John MO PD,Lee's Summit MO PD
Robinson IL PD,Robinson IL PD,Lee's Summit MO PD
Lasalle IL PD ,Lasalle IL PD ,Lee's Summit MO PD
Desloge MO PD,Desloge MO PD,Lee's Summit MO PD
Bristol IN PD,Bristol IN PD,Lee's Summit MO PD
Amarillo TX PD,Amarillo PD TX ,Lee's Summit MO PD
Nelson County KY SO,Nelson County KY SO,Lee's Summit MO PD
Moore OK PD,Moore OK PD,Lee's Summit MO PD
Pleasant Prairie WI PD,Pleasant Prairie WI PD,
Duncan OK PD,Duncan PD (OK),Lee's Summit MO PD
Goshen IN PD,Goshen IN PD,Lee's Summit MO PD
Fulton MO PD,Fulton MO PD,Lee's Summit MO PD
Sheboygan WI PD,Sheboygan WI PD,Lee's Summit MO PD
Johnsburg IL PD,Johnsburg IL PD,
Taney County MO SO,Taney County MO SO,Lee's Summit MO PD
Lafayette TN PD,Lafayette TN PD,Lee's Summit MO PD
Rockdale IL PD ,Rockdale IL PD,Lee's Summit MO PD
Jefferson County SO IN,Jefferson County SO IN,Lee's Summit MO PD
Stephenson County IL SO,Stephenson Co. IL SO,Lee's Summit MO PD
Middlebury IN PD,Middlebury IN PD,
Gosper County NE SO,Gosper County NE SO,
Villa Park IL PD,"Villa Park IL PD (flex),Villa Park IL PD",Lee's Summit MO PD
Lincoln County TN SO,Lincoln County SO (TN),Lee's Summit MO PD
Oneida WI PD,Oneida WI PD,
Peru IL PD,Peru IL PD,
Hopkinsville KY PD,Hopkinsville KY PD,Lee's Summit MO PD
McCracken County KY SO,McCracken County KY SO,Lee's Summit MO PD
Franklin County AL SO,"Franklin County AL SO,Franklin County AL SO (Flex)",Lee's Summit MO PD
Jackson WI PD,Jackson WI PD,Lee's Summit MO PD
Callaway County MO SO,Callaway County SO (MO),Lee's Summit MO PD
Jasper County Sheriff IA ,Jasper County Sheriff IA,Lee's Summit MO PD
Memphis Intl Airport,TN - Memphis Intl Airport,Lee's Summit MO PD
DuPage County IL SO,Dupage County IL SO,Lee's Summit MO PD
Marion County MO SO,Marion County MO SO,Lee's Summit MO PD
Derby KS PD,Derby KS PD,"Lee's Summit MO PD (Flex),Lee's Summit MO PD"
Middle Tennessee State TN PD,Middle Tennessee State TN PD ,Lee's Summit MO PD
Speedway IN PD,Speedway IN PD,Lee's Summit MO PD
Whitestown IN PD,Whitestown IN PD,Lee's Summit MO PD
Henderson County KY SO,"Henderson County KY SO (Flex),Henderson County KY SO,Henderson County KY SO (Condor)",Lee's Summit MO PD
University of Iowa PD (IA),University of Iowa Campus PD,Lee's Summit MO PD
Lansing IL PD,"Lansing IL PD ,Lansing IL PD (Flex)",Lee's Summit MO PD
Hobart IN PD ,Hobart IN PD ,Lee's Summit MO PD
Creekmoor (MO),Creekmoor (MO),
Midlothian IL PD,"Midlothian IL PD,Midlothian IL PD (Flex)",Lee's Summit MO PD
Wauconda IL PD,"Wauconda IL PD Flex,Wauconda IL PD ",Lee's Summit MO PD
Union Pacific Railroad PD,Union Pacific RR PD (Flex),Lee's Summit MO PD
Thornton CO PD,Thornton CO PD,Lee's Summit MO PD
Grandview MO PD,Grandview MO PD,"Lee's Summit MO PD (Flex),Lee's Summit MO PD"
Berrien County MI SO,Berrien County MI SO,Lee's Summit MO PD
LaSalle Co. IL SO - New,LaSalle Co. IL SO,Lee's Summit MO PD
Iroquois IL SO ,Iroquois IL SO,
Herculaneum MO PD,Herculaneum MO PD,Lee's Summit MO PD
Seymour IN PD,Seymour IN PD,Lee's Summit MO PD
St. Peters MO PD,St. Peters MO PD,Lee's Summit MO PD
Ardmore AL PD,Ardmore AL PD,Lee's Summit MO PD
Louisville Airport PD,Louisville Airport PD,Lee's Summit MO PD
Anderson IN PD,"Anderson IN PD,Anderson IN PD (Raven)",Lee's Summit MO PD
Clark County WI SO,Clark County WI SO,
Franklin IN PD,"Franklin IN PD,Franklin IN PD (Flex)",Lee's Summit MO PD
Virden IL PD,Virden IL PD,Lee's Summit MO PD
Goddard KS PD,Goddard KS PD,Lee's Summit MO PD
Charleston MO DPS,Charleston MO DPS,Lee's Summit MO PD
Winnebago County WI SO,Winnebago County WI SO,
Knox County IL SO,Knox County IL SO,Lee's Summit MO PD
Harvey County KS SO,Harvey County KS SO ,Lee's Summit MO PD
Markle IN PD,Markle IN PD,Lee's Summit MO PD
Heath TX DPS,Heath TX DPS,
Concordia KS PD,Concordia KS PD,Lee's Summit MO PD
Zion IL PD,Zion IL PD,Lee's Summit MO PD
Wabaunsee County SO (KS),Wabaunsee County SO (KS),Lee's Summit MO PD
Warren AR PD ,Warren AR PD ,
Fort Worth TX PD,"Fort Worth TX PD - Partnership WingBox,Fort Worth Code Compliance,East Lancaster PID,Fort Worth TX PD PID #11 Stockyards,Fort Worth TX PD Ravens LVT,Fort Worth TX PD - Las Vegas Trail,Sun Valley PID,Fort Worth TX PD Wing LPR Cameras (Q1700),Fort Worth TX PD - Wing LVT,Fort Worth TX PD - PID 7 Heritage,Fort Worth TX PD Ravens,Fort Worth TX PD - Milestone Live PTZ,Fort Worth TX PD",Lee's Summit MO PD
Jefferson County AR SO ,Jefferson County AR SO (Flex Cams) ,
Griffith IN PD,Griffith IN PD,Lee's Summit MO PD
Hillsboro MO PD,Hillsboro MO PD,
Clear Lake WI PD,Clear Lake WI PD,
Henry County IL SO,Henry County IL SO,Lee's Summit MO PD
Van Alstyne TX PD,Van Alstyne TX PD ,Lee's Summit MO PD
Juneau County WI SO,Juneau County WI SO,
Ogle County IL SO,"Ogle County IL SO,Ogle County IL SO (Flex)",Lee's Summit MO PD
Pine Bluff AR PD,"Pine Bluff AR PD (Condor),Pine Bluff AR PD",Lee's Summit MO PD
Conway AR PD,Conway AR PD,Lee's Summit MO PD
NICTD - IN PD,NICTD South Shore Line IN ,Lee's Summit MO PD
Shelby County IL SO,Shelby County IL SO,
Coles County IL SO ,"Ashmore IL PD ,Coles County IL SO",
Clayton MO PD,Clayton MO PD,Lee's Summit MO PD
University of TX (UTA)- Arlington PD,"University Texas Arlington - FlockOS Live,University of Texas at Arlington TX PD",Lee's Summit MO PD
Saline County AR SO,Saline County AR SO,Lee's Summit MO PD
McKinney TX PD,"McKinney TX PD - LPR Ubicquia,McKinney TX PD",Lee's Summit MO PD
Dodge County WI SO,"Dodge County WI SO,Dodge County WI SO Flex",
Columbia MO PD,Columbia MO PD,Lee's Summit MO PD
Rock County WI SO,"Rock County WI SO,Rock County WI SO (Flex)",Lee's Summit MO PD
Missouri Department of Conservation,Department of Conservation (MO),Lee's Summit MO PD
Ralls County MO SO,Ralls County MO SO,Lee's Summit MO PD
Montgomery County TN SO,"Montgomery County TN (Flex),Montgomery County TN SO",Lee's Summit MO PD
Osage Beach MO PD,Osage Beach MO PD,Lee's Summit MO PD
Ash Grove MO PD,Ash Grove MO PD ,Lee's Summit MO PD
Pottawattamie County IA SO , Pottawattamie County IA SO,Lee's Summit MO PD
Ladue MO PD,Ladue MO PD,"Lee's Summit MO PD (Flex),Lee's Summit MO PD"
MS - Senatobia PD,Senatobia PD (MS),Lee's Summit MO PD
St. Joseph County SO IN,St. Joseph County SO IN,Lee's Summit MO PD
Adrian MI PD,Adrian MI PD,Lee's Summit MO PD
OK - Jones PD,Jones PD (OK),
Plainfield IL PD,Plainfield IL PD,Lee's Summit MO PD
Missouri Department of Public Safety,Missouri Department of Public Safety,"Lee's Summit MO PD (Flex),Lee's Summit MO PD"
Shelby County IN SO,Shelby County IN SO,
Monticello IL PD,Monticello PD IL,
Glendale MO PD ,Glendale MO PD ,Lee's Summit MO PD
Rose Hill KS PD,Rose Hill KS PD,Lee's Summit MO PD
Higginsville MO PD,Higginsville MO PD,Lee's Summit MO PD
Addison TX PD,"Addison TX PD iPro (9007),Addison TX PD iPro (9004),Addison TX PD iPro (9002),Addison TX PD,Addison TX PD - iPro (9001),Addison TX PD iPro (9006),Addison TX PD iPro (9005),Addison TX PD iPro (9003)",Lee's Summit MO PD
Terre Haute IN PD,Terre Haute IN PD (LPR),Lee's Summit MO PD
Noblesville IN PD,Noblesville IN PD,Lee's Summit MO PD
Logan County NE SO,Logan County NE SO,Lee's Summit MO PD
Mabank TX PD,Mabank TX PD ,Lee's Summit MO PD
Mesquite TX PD,"Mesquite TX PD (Falcon Flex) ,Mesquite PD TX",Lee's Summit MO PD
Louisville Metro KY PD,Louisville Metro KY PD,Lee's Summit MO PD
Park City KS PD,Park City KS PD,
Collierville TN PD,"Collierville TN PD FLEX,Collierville TN PD",Lee's Summit MO PD
Blue Springs MO PD,"Blue Springs MO PD - LPR,Blue Springs MO PD - Flex,Blue Springs MO PD - Wing Genetec","Lee's Summit MO PD (Flex),Lee's Summit MO PD"
West Lafayette IN PD,West Lafayette IN PD,Lee's Summit MO PD
Tell City IN PD,Tell City IN PD,Lee's Summit MO PD
Hazelwood MO PD,"Hazelwood MO PD,Hazelwood MO PD (Flex)",Lee's Summit MO PD
Hendricks County IN SO,Hendricks County IN SO,
Truesdale MO PD,Truesdale MO PD,Lee's Summit MO PD
Raytown MO PD,Raytown MO PD,Lee's Summit MO PD
Tracy MO PD,Tracy MO PD,Lee's Summit MO PD
New Albany IN PD,New Albany IN PD,
Cooper County MO SO,Cooper County MO SO,Lee's Summit MO PD
Eastborough KS PD,Eastborough KS PD,
Harvey IL PD,Harvey IL PD - LPR,Lee's Summit MO PD
St. Charles County MO PD,St. Charles County MO PD,Lee's Summit MO PD
Streator IL PD,Streator IL PD,Lee's Summit MO PD
Lexington NE PD,Lexington NE PD,Lee's Summit MO PD
Sauk Village IL PD,Sauk Village IL PD ,Lee's Summit MO PD
Southaven MS PD,Southaven MS PD,Lee's Summit MO PD
Wayne IL PD,Wayne IL PD ,
Dalworthington Gardens TX PD,Dalworthington Gardens TX PD,
Harrison AR PD,Harrison AR PD,Lee's Summit MO PD
Clay County MO SO,"Clay County MO SO,Clay County MO SO (Flex) ","Lee's Summit MO PD (Flex),Lee's Summit MO PD"
Clearwater FL PD,Clearwater FL PD,
Rogers AR PD,Rogers AR PD,Lee's Summit MO PD
Herrin IL PD,Herrin IL PD,Lee's Summit MO PD
Sheridan AR PD,Sheridan AR PD,Lee's Summit MO PD
Allen County KS SO,Allen County KS SO,Lee's Summit MO PD
Medicine Lodge KS PD,Medicine Lodge KS PD,Lee's Summit MO PD
Denton County TX SO,Denton County TX SO ,
St. Joseph Department of Public Safety MI,Saint Joseph MI DPS,Lee's Summit MO PD
Whitley County IN Prosector,Whitley County IN Prosector,Lee's Summit MO PD
Warson Woods MO PD,Warson Woods MO PD,Lee's Summit MO PD
Addison IL PD,Addison IL PD (LPR),Lee's Summit MO PD
Antelope County NE SO,Antelope County NE SO,
Bond County IL SO ,Bond County IL SO ,
Hackleburg AL PD,Hackleburg AL PD,Lee's Summit MO PD
Keller TX PD ,Keller TX PD ,Lee's Summit MO PD
Locust Grove OK PD,Locust Grove OK PD,Lee's Summit MO PD
Grant County IN SO,Grant County IN SO,Lee's Summit MO PD
New Albany MS PD,New Albany MS PD ,
Tyler TX PD,Tyler TX PD,Lee's Summit MO PD
Pittsboro IN PD,Pittsboro IN PD,Lee's Summit MO PD
Morristown IN PD,Morristown IN PD,
Bartlett TN PD,Bartlett TN PD,Lee's Summit MO PD
Trumann AR PD,Trumann AR PD,
Oxford MS PD,Oxford MS PD,Lee's Summit MO PD
Benton County AR SO,Benton County AR SO,Lee's Summit MO PD
River Falls WI PD,River Falls WI PD,Lee's Summit MO PD
Boone County IN SO,Boone County IN SO,
Anna TX PD,"Anna TX PD,Anna TX PD - Falcon Flex",Lee's Summit MO PD
Tipton County TN SO,Tipton County TN SO,Lee's Summit MO PD
Morton Grove IL PD,Morton Grove IL PD,Lee's Summit MO PD
Ankeny IA PD,Ankeny IA PD,Lee's Summit MO PD
Edmond OK PD,Edmond OK PD,
Frontenac KS PD,Frontenac KS PD ,Lee's Summit MO PD
Southmayd TX PD,Southmayd TX PD ,Lee's Summit MO PD
Shrewsbury MO PD,Shrewsbury MO PD,"Lee's Summit MO PD (Flex),Lee's Summit MO PD"
Springfield TN PD ,Springfield TN PD ,Lee's Summit MO PD
Eau Claire County WI SO,Eau Claire County WI SO,Lee's Summit MO PD
Brentwood MO PD,Brentwood MO PD,Lee's Summit MO PD
Mayfield KY PD,Mayfield KY PD,Lee's Summit MO PD
Stillwater MN PD,Stillwater MN PD,Lee's Summit MO PD
Kosciusko MS PD,Kosciusko MS PD,Lee's Summit MO PD
Ozark MO PD,Ozark MO PD,Lee's Summit MO PD
Carmel IN PD,"Carmel IN PD,Carmel IN PD - Wing LPR",Lee's Summit MO PD
Warr Acres OK PD,Warr Acres OK PD,
Braidwood IL PD,Braidwood IL PD,
Village of Marlborough MO PD,Marlborough MO PD,Lee's Summit MO PD
Madisonville KY PD,"Madisonville KY PD,Madisonville KY PD (Flex)",Lee's Summit MO PD
Miner MO PD,Miner MO PD,Lee's Summit MO PD
Farmington MO PD,Farmington MO PD,Lee's Summit MO PD
Christian County MO SO,"Christian County MO SO,City of Fremont Hills MO - Christian Co MO SO,City of Highlandville (MO) (Christian Co MO SO)","Lee's Summit MO PD (Flex),Lee's Summit MO PD"
Cass County MI SO,Cass County MI SO,Lee's Summit MO PD
Bullitt County KY SO,Bullitt County KY SO,
Crawford County KS SO,Crawford County KS SO,Lee's Summit MO PD
Buffalo County WI SO,"Buffalo City WI PD,Buffalo County WI SO",Lee's Summit MO PD
Canton IL PD,Canton IL PD,"Lee's Summit MO PD (Flex),Lee's Summit MO PD"
Matteson IL PD,"Matteson IL PD,Matteson IL PD (Flex)",Lee's Summit MO PD
Franklin WI PD,"Franklin WI PD,Franklin WI PD (Flex)",
Monett MO PD,Monett MO PD,Lee's Summit MO PD
Rock Hill MO PD,Rock Hill PD (MO),Lee's Summit MO PD
Texas Financial Crimes Intelligence Center,TX Financial Crimes Intelligence Center (Flex),Lee's Summit MO PD
Menomonee Falls WI PD,Menomonee Falls WI PD,Lee's Summit MO PD
Bridgeton MO PD,Bridgeton MO PD,Lee's Summit MO PD
Putnam County IN SO,Putnam County IN SO,Lee's Summit MO PD
Purcell OK PD,Purcell OK PD ,Lee's Summit MO PD
Richland County WI SO,Richland County WI SO,Lee's Summit MO PD
Chesterfield MO PD,"Chesterfield MO PD  (Flex),Chesterfield MO PD",Lee's Summit MO PD
Bixby OK PD,Bixby PD (OK),Lee's Summit MO PD
Little Flock AR PD,Little Flock AR PD,Lee's Summit MO PD
White County IN SO,White County IN SO,
Nolensville TN PD,Nolensville TN PD,
128 Seneca Lane (MO),128 Seneca Lane (MO),
[Federal] Tennessee Valley Authority Police,Tennessee Valley Authority Police,
KS - Seward County SO,Seward County SO (KS),Lee's Summit MO PD
Kenosha WI PD,Kenosha WI PD,Lee's Summit MO PD
Mt. Zion IL PD,Mt. Zion IL PD,
Sullivan County IN SO,Sullivan County IN SO,Lee's Summit MO PD
Grand Island NE PD,Grand Island NE PD (Flex),Lee's Summit MO PD
Olivette MO PD,Olivette MO PD,
Ozarks Drug Enforcement Team MO,Ozarks Drug Enforcement Team MO,Lee's Summit MO PD
Jack County TX SO,Jack County TX SO ,Lee's Summit MO PD
Slinger WI PD,Slinger WI PD,Lee's Summit MO PD
Joliet Junior College IL PD ,Joliet Junior College IL PD ,Lee's Summit MO PD
Ste. Genevieve County MO SO ,Ste. Genevieve County MO SO,Lee's Summit MO PD
Metropolis IL PD,Metropolis IL PD,Lee's Summit MO PD
RIG WI DTF,RIG WI DTF,Lee's Summit MO PD
Monon IN PD,Monon IN PD,Lee's Summit MO PD
Livingston County IL SO,Livingston County IL SO,Lee's Summit MO PD
Westfield IN PD,Westfield IN PD,Lee's Summit MO PD
Mooresville IN PD,Mooresville IN PD,
Hebron IN PD,Hebron IN PD,
Fulton IL PD,Fulton IL PD,Lee's Summit MO PD
St. Matthews KY PD,Saint Matthews KY PD,Lee's Summit MO PD
Little Rock AR PD,Little Rock AR PD,Lee's Summit MO PD
Burlington IA PD,Burlington PD (IA),Lee's Summit MO PD
Odessa MO PD,Odessa MO PD,Lee's Summit MO PD
Shelbyville KY PD,Shelbyville KY PD,Lee's Summit MO PD
Kane County Forest Preserve IL PD,Kane County Forest Preserve IL PD ,Lee's Summit MO PD
Terrell TX PD,Terrell TX PD (LPR),Lee's Summit MO PD
Carlisle IA PD,Carlisle IA PD,Lee's Summit MO PD
Covington TN PD,Covington TN PD,Lee's Summit MO PD
Nekoosa WI PD,Nekoosa WI PD,
Bartholomew County IN SO,Bartholomew Co. IN SO,
Stafford County KS SO ,Stafford County KS SO ,Lee's Summit MO PD
Jonesboro AR PD,"Jonesboro AR PD (Flex),Jonesboro AR PD ",Lee's Summit MO PD
Oak Lawn IL PD,Oak Lawn IL PD,Lee's Summit MO PD
Augusta KS DPS,Augusta KS DPS,Lee's Summit MO PD
Warrick County IN SO,Warrick Co IN SO,Lee's Summit MO PD
Lake St. Louis MO PD,Lake St. Louis MO PD,Lee's Summit MO PD
Muscle Shoals AL PD,"Muscle Shoals AL Walmart,Muscle Shoals AL PD",Lee's Summit MO PD
Marathon County WI SO,"Town Of Rib Mountain (WI),Marathon County WI SO",
Stone County MO SO,Stone County MO SO,Lee's Summit MO PD
KU Medical Center KS PD,University of Kansas Medical Center PD (KS),Lee's Summit MO PD
Anoka County MN SO,"Anoka County MN SO (Falcon Flex),Anoka County MN SO",Lee's Summit MO PD
Prosper TX PD,Prosper TX PD,
East Peoria IL PD,"East Peoria IL PD,East Peoria IL PD (Condor)",Lee's Summit MO PD
New Castle IN PD,New Castle IN PD,
MS - Itawamba Community College Campus PD,Itawamba Community College Campus PD (MS),Lee's Summit MO PD
Cactus TX PD ,Cactus TX PD ,Lee's Summit MO PD
Piperton TN PD,Piperton TN PD,Lee's Summit MO PD
North Platte NE PD,North Platte NE PD,Lee's Summit MO PD
Dunn County WI SO,"Dunn County WI SO (FLEX),Dunn County WI SO",
Barber County KS SO,Barber County KS SO,Lee's Summit MO PD
Dolton IL PD,"Dolton IL PD,Dolton IL PD Condors",Lee's Summit MO PD
Lancaster TX PD ,Lancaster TX PD ,
Ballwin MO PD,Ballwin MO PD,Lee's Summit MO PD
Highland IN PD,Highland IN PD,Lee's Summit MO PD
Jackson MO PD,Jackson MO PD,"Lee's Summit MO PD (Flex),Lee's Summit MO PD"
Clarksville IN PD,Clarksville PD IN,Lee's Summit MO PD
Belton MO PD,Belton MO PD,Lee's Summit MO PD
Hurst TX PD,Hurst TX PD,
Mauston WI PD ,Mauston WI PD ,
New Chicago IN PD,New Chicago IN PD,
Alexandria MN PD,Alexandria MN PD,
New Madrid County MO SO,New Madrid County MO SO,Lee's Summit MO PD
Tupelo MS PD,"Tupelo MS PD (Flex),Tupelo MS PD",Lee's Summit MO PD
Johnson County KS SO,"Johnson County KS SO,Johnson County KS SO (Flex)","Lee's Summit MO PD (Flex),Lee's Summit MO PD"
Marshall County OK SO ,Marshall County OK SO ,
Shepherdsville KY PD,Shepherdsville KY PD,Lee's Summit MO PD
North Richland Hills TX PD,"North Richland Hills TX PD Flex,North Richland Hills TX PD",
Bowling Green Warren County Drug Task Force KY,Bowling Green Warren County Drug Task Force KY,Lee's Summit MO PD
Galesburg IL PD,Galesburg IL PD ,Lee's Summit MO PD
Breckenridge Hills MO PD,Breckenridge Hills MO PD,Lee's Summit MO PD
Prairie Du Chien WI PD,Prairie Du Chien WI PD,Lee's Summit MO PD
Holmen WI PD,Holmen WI PD,Lee's Summit MO PD
Raymore MO PD,Raymore MO PD,Lee's Summit MO PD
Winneconne WI PD,Winneconne WI PD ,
Vernon County WI SO,"Vernon County WI SO,Vernon County WI SO Flex",Lee's Summit MO PD
Sioux City IA PD,Sioux City IA PD,Lee's Summit MO PD
Polk County MO SO,"Polk County MO SO,Polk County MO SO (Flex)",Lee's Summit MO PD
Elizabethtown KY PD,Elizabethtown KY PD,Lee's Summit MO PD
Columbia County WI SO,Columbia County WI SO,Lee's Summit MO PD
Searcy AR PD,Searcy AR PD ,Lee's Summit MO PD
Marshall WI PD,Marshall WI PD,
Hamilton AL PD ,Hamilton AL PD ,
Palos Hills IL PD,Palos Hills IL PD,Lee's Summit MO PD
Greenwood IN PD,Greenwood IN PD,Lee's Summit MO PD
Aubrey TX PD,"Providence Village (TX),Aubrey TX PD,Aubrey TX PD (Falcon Flex) ",
North Little Rock AR PD,North Little Rock AR PD,Lee's Summit MO PD
Wamego KS PD,Wamego KS PD,Lee's Summit MO PD
Joliet IL PD,Joliet IL PD,Lee's Summit MO PD
Sauk County WI SO,Sauk County WI SO ,Lee's Summit MO PD
Cape Girardeau MO PD,Cape Girardeau MO PD,Lee's Summit MO PD
Smyrna TN PD,Smyrna TN PD,Lee's Summit MO PD
Calumet County WI SO,Calumet County WI SO,Lee's Summit MO PD
La Grange Park IL PD,Village of LaGrange Park IL PD,Lee's Summit MO PD
El Reno OK PD,El Reno OK PD ,Lee's Summit MO PD
Mid Missouri Drug Task Force MO,"Mid Missouri Drug Task Force MO,Pettis County MO SO,Mid Missouri Drug Task Force MO (Flex)",Lee's Summit MO PD
Reeds Spring MO PD,Reeds Spring MO PD,Lee's Summit MO PD
Eureka MO PD,Eureka MO PD,Lee's Summit MO PD
Branson MO PD,Branson MO PD,Lee's Summit MO PD
Glasgow KY PD,Glasgow KY PD,Lee's Summit MO PD
Hutchins TX PD,Hutchins TX PD,
Illinois Attorney General,Illinois Attorney General (Flex),Lee's Summit MO PD
Quapaw Nation OK Marshals Service,Quapaw Nation Marshals Service (OK),Lee's Summit MO PD
Douglas County NE SO,Douglas County NE SO,Lee's Summit MO PD
Crawford County IN SO,Crawford County IN SO,Lee's Summit MO PD
Republic MO PD,Republic MO PD,"Lee's Summit MO PD (Flex),Lee's Summit MO PD"
Altoona IA PD,Altoona IA PD,Lee's Summit MO PD
Walworth County WI SO,Walworth County WI SO,Lee's Summit MO PD
Macomb IL PD,Macomb IL PD,Lee's Summit MO PD
Portage IN PD,Portage IN PD,Lee's Summit MO PD
Plainfield IN PD,Plainfield IN PD,Lee's Summit MO PD
Gary IN PD,Gary IN PD,Lee's Summit MO PD
Kingston Springs TN PD,Kingston Springs TN PD,Lee's Summit MO PD
Arcola IL PD,Arcola IL PD (LPR),
Calloway County KY SO,Calloway County KY SO,Lee's Summit MO PD
Oakbrook Terrace IL PD,Oakbrook Terrace IL PD,
Vienna IL PD,Vienna IL PD,Lee's Summit MO PD
Indiana State Police IN PD,Indiana State Police IN PD,Lee's Summit MO PD
Independence KS PD,Independence KS PD,Lee's Summit MO PD
Bloomfield NM PD,Bloomfield NM PD,Lee's Summit MO PD
Woodson Terrace MO PD,Woodson Terrace MO PD,Lee's Summit MO PD
Lexington TN PD,Lexington TN PD,Lee's Summit MO PD
Hillsdale MO PD,Hillsdale MO PD,Lee's Summit MO PD
Berkeley MO PD,Berkeley MO PD,Lee's Summit MO PD
St. Ann MO PD,"City of Charlack MO - St. Ann MO PD,St. Ann MO PD",Lee's Summit MO PD
Frontenac MO PD,Frontenac MO PD,Lee's Summit MO PD
Salina KS PD,Salina KS PD,Lee's Summit MO PD
Perry County MO SO,Perry County MO SO,"Lee's Summit MO PD (Flex),Lee's Summit MO PD"
Wood County WI SO,"Wood County WI SO (FLEX),Wood County WI SO",
Mount Vernon IN PD,Mount Vernon IN PD,Lee's Summit MO PD
Gardner KS PD,"Gardner KS PD,Gardner KS PD (Flex)","Lee's Summit MO PD (Flex),Lee's Summit MO PD"
Parkville MO PD,Parkville MO PD,Lee's Summit MO PD
Hollister MO PD,Hollister MO PD,Lee's Summit MO PD
Van Buren AR PD,Van Buren AR PD,Lee's Summit MO PD
Darien IL PD,Darien IL PD,Lee's Summit MO PD
Arlington TX PD,Arlington TX PD,
Byrnes Mill MO PD,Byrnes Mill MO PD,Lee's Summit MO PD
Michigan State Police,Michigan State Police,
Florence AL PD,Florence AL PD,Lee's Summit MO PD
Greenwood AR PD,Greenwood AR PD,Lee's Summit MO PD
Vigo County IN SO,Vigo County IN SO,
Brookfield WI PD,Brookfield WI PD,Lee's Summit MO PD
Greenwood MO PD,"Greenwood MO PD Condors,Greenwood MO PD",Lee's Summit MO PD
Dallas TX PD,"Dallas TX PD,Love Field Airport Dallas TX",Lee's Summit MO PD
Huntsville AL PD,Huntsville AL PD,"Lee's Summit MO PD (Flex),Lee's Summit MO PD"
Alexandria IN PD,Alexandria IN PD,Lee's Summit MO PD
Henderson KY PD,Henderson KY PD,Lee's Summit MO PD
Mackinaw IL PD,Mackinaw IL PD,
SE Missouri State University (MO),SE Missouri State University (MO),Lee's Summit MO PD
Kansas City KS PD,Kansas City KS PD,"Lee's Summit MO PD (Flex),Lee's Summit MO PD"
Bardstown PD KY,Bardstown PD KY,Lee's Summit MO PD
Pocahontas AR PD,Pocahontas AR PD,
Porter County IN SO,Porter County IN SO,Lee's Summit MO PD
Pittsburg KS PD,Pittsburg KS PD ,Lee's Summit MO PD
Irving TX PD,Irving TX PD,
Sherwood AR PD,Sherwood AR PD,Lee's Summit MO PD
Laporte County IN SO ,Indiana HIDTA (LaPorte County SO),Lee's Summit MO PD
Montezuma IN PD,Montezuma IN PD,
Southern Illinois University IL PD ,Southern Illinois University IL PD ,Lee's Summit MO PD
Linden IN PD,Linden IN PD,
Del City OK PD,Del City OK PD,Lee's Summit MO PD
Milton IN PD,Milton IN PD,Lee's Summit MO PD
West Chicago IL PD,West Chicago IL PD ,Lee's Summit MO PD
Kewaskum WI PD,Kewaskum WI PD,
Wedgewood Pointe (MO),Wedgewood Pointe,
Belvidere IL PD,Belvidere IL PD,Lee's Summit MO PD
Franklin County IL SO,Franklin County IL SO,Lee's Summit MO PD
East Tawakoni TX PD,East Tawakoni TX PD,Lee's Summit MO PD
Crown Point IN PD,Crown Point IN PD,Lee's Summit MO PD
Dallas County AR SO  ,Dallas County AR SO ,
Lapel IN PD,Lapel IN PD,
Normandy MO PD,"Normandy MO PD,City of Bellerive Acres MO - Normandy PD",Lee's Summit MO PD
Cozad NE PD,Cozad PD (NE),Lee's Summit MO PD
MOCIC ,MOCIC - Wing LPR,"Lee's Summit MO PD (Flex),Lee's Summit MO PD"
Lauderdale County TN SO,Lauderdale County TN SO,Lee's Summit MO PD
Vincennes IN PD,Vincennes IN PD,Lee's Summit MO PD
Moundridge KS PD,Moundridge PD (KS) Falcon Cameras,
Baldwin County GA SO,"Baldwin County GA SO - RedSpeed,Baldwin County GA SO",
Springfield MO PD,Springfield MO PD,Lee's Summit MO PD
Bradley County AR SO ,Bradley County AR SO ,Lee's Summit MO PD
Henderson TN PD,Henderson TN PD,
Lauderdale County AL SO,Lauderdale County AL SO,Lee's Summit MO PD
Marion IL PD,Marion IL PD,Lee's Summit MO PD
Cabot AR PD,Cabot AR PD,Lee's Summit MO PD
Westworth Village TX PD,Westworth Village TX PD ,Lee's Summit MO PD
Spring Hill TN PD,Spring Hill TN PD,Lee's Summit MO PD
Avon IN PD,Avon IN PD,Lee's Summit MO PD
Gas City IN PD,Gas City IN PD,Lee's Summit MO PD
Logan County KY SO,Logan County KY SO,Lee's Summit MO PD
Southwest Tennessee Community College TN PD,Southwest TN Macon Cove Campus,
Caney KS PD,Caney KS PD,Lee's Summit MO PD
AR - Alma PD,Alma PD (AR),Lee's Summit MO PD
Ferguson MO PD,Ferguson MO PD,Lee's Summit MO PD
Barry County SO MO,Barry County MO SO,Lee's Summit MO PD
Owen County IN SO,Owen County IN SO,
St. Charles Community College Campus Police MO [Inactive],St. Charles Community College (MO),
Buchanan County MO SO,Buchanan County MO SO,Lee's Summit MO PD
Atchison County KS SO,Atchison County KS SO,Lee's Summit MO PD
Greencastle IN PD,Greencastle IN PD,
MO - Sparta PD,Sparta PD (MO),Lee's Summit MO PD
Bourbonnais IL PD,Bourbonnais IL PD ,Lee's Summit MO PD
Saint Croix Falls WI PD,Saint Croix Falls WI PD,"Lee's Summit MO PD (Flex),Lee's Summit MO PD"
La Grange MO PD,La Grange MO PD,Lee's Summit MO PD
Justice IL PD,Justice IL PD,Lee's Summit MO PD
Lafayette County MS SO,"Lafayette County MS SO,Lafayette County MS SO (Flex)",Lee's Summit MO PD
Cooke County TX SO ,Cooke County TX SO - Flex LPR,Lee's Summit MO PD
Muncie IN PD,Muncie IN PD,Lee's Summit MO PD
Kenosha County WI SO,Kenosha County WI SO,Lee's Summit MO PD
Mattoon IL PD,Mattoon IL PD,Lee's Summit MO PD
McDonough County IL SO,McDonough County IL SO,Lee's Summit MO PD
Elm Grove WI PD,Elm Grove WI PD,Lee's Summit MO PD
Hardin County TN SO,Hardin County TN SO,Lee's Summit MO PD
Shelby County KY SO,Shelby County KY SO,Lee's Summit MO PD
Barron County WI SO,Barron County WI SO,Lee's Summit MO PD
Mountain View AR PD,Mountain View AR PD,Lee's Summit MO PD
Lawrence County IN SO,Lawrence County IN SO,Lee's Summit MO PD
Ladd IL PD,Ladd IL PD,Lee's Summit MO PD
Ingalls IN PD,Ingalls IN PD,Lee's Summit MO PD
Waunakee WI PD,Waunakee WI PD,
Elkhart County IN SO,"Elkhart County IN SO (FLEX),Elkhart Co IN SO ",Lee's Summit MO PD
Wauwatosa WI PD,Wauwatosa WI PD,
Aurora MO PD,Aurora MO PD ,Lee's Summit MO PD
Centralia IL PD,Centralia IL PD ,Lee's Summit MO PD
Crestwood MO PD,Crestwood MO PD,Lee's Summit MO PD
Creve Coeur MO PD,Creve Coeur MO PD,Lee's Summit MO PD
Crawford County WI SO,Crawford County WI SO,Lee's Summit MO PD
Clever MO PD,Clever MO PD,Lee's Summit MO PD
Sauk Prairie WI PD,Sauk Prairie WI PD,"Lee's Summit MO PD (Flex),Lee's Summit MO PD"
Madison County IN SO,Madison County IN SO,Lee's Summit MO PD
Berkeley IL PD,Berkeley IL PD,Lee's Summit MO PD
Farmer City IL PD,Farmer City IL PD,Lee's Summit MO PD
Phelps County MO SO,Phelps County MO SO,Lee's Summit MO PD
Jefferson County MO SO,Jefferson County MO SO,Lee's Summit MO PD
Tilton IL PD,Tilton IL PD,Lee's Summit MO PD
Mequon WI PD,Mequon WI PD,Lee's Summit MO PD
Ashland City TN PD,Ashland City TN PD,
Washington MO PD,Washington MO PD,Lee's Summit MO PD
Cloud County KS SO,Cloud County KS SO,Lee's Summit MO PD
Indiana Department of Corrections,Indiana Department of Correction,Lee's Summit MO PD
Cottleville MO PD,Cottlevile MO PD,Lee's Summit MO PD
Chenoa IL PD,Chenoa IL PD,
Ness County KS SO [Inactive],Ness County KS SO,Lee's Summit MO PD
Hinckley IL PD,Hinckley IL PD,Lee's Summit MO PD
Edmundson MO PD,Edmundson MO PD,
University of Central Missouri PD,University of Central Missouri PD,Lee's Summit MO PD
Park Hills MO PD,Park Hills MO PD,Lee's Summit MO PD
Morgan County IN SO,Morgan County IN SO,Lee's Summit MO PD
OK - Idabel PD,Idabel PD (OK),Lee's Summit MO PD
Jefferson County MO 911,Jefferson County MO 911,
Racine WI PD,Racine WI PD,Lee's Summit MO PD
Pine County MN SO,Pine County MN SO,Lee's Summit MO PD
Westmont IL PD,Westmont IL PD,Lee's Summit MO PD
Washington IA PD,Washington IA PD,Lee's Summit MO PD
Pottawatomie County KS SO,Pottawatomie County KS SO,"Lee's Summit MO PD (Flex),Lee's Summit MO PD"
Burnett County WI SO,Burnett County WI SO,Lee's Summit MO PD
Kimberling City MO PD,Kimberling City MO PD,Lee's Summit MO PD
Howard County IN SO,IN - Howard County SO,Lee's Summit MO PD
Henry County IN SO,Henry County IN SO,Lee's Summit MO PD
Crystal City MO PD,Crystal City MO PD,Lee's Summit MO PD
Hannibal MO PD,Hannibal MO PD,Lee's Summit MO PD
Arnold MO PD,Arnold MO PD,Lee's Summit MO PD
Fairmount IN PD,Fairmount IN PD,Lee's Summit MO PD
Johnson County MO SO,Johnson County MO SO,Lee's Summit MO PD
Lake County IN SO,Lake County SO IN,Lee's Summit MO PD
Monona WI PD,Monona WI PD,
Tupelo Regional Airport,Tupelo Regional Airport PD (MS),Lee's Summit MO PD
Bradley IL PD,Bradley IL PD,
Pleasant Valley MO PD,Pleasant Valley MO PD,Lee's Summit MO PD
Florissant MO PD,Florissant MO PD,Lee's Summit MO PD
Princeton IN PD,Princeton IN PD,
Washington County IN SO,Washington County IN SO,Lee's Summit MO PD
Billings MO PD,Billings MO PD,Lee's Summit MO PD
Liberty MO PD,Liberty MO PD,"Lee's Summit MO PD (Flex),Lee's Summit MO PD"
Texarkana TX PD,"Texarkana TX PD,Texarkana TX PD - Falcon Flex ",Lee's Summit MO PD
Stevens Point WI PD,Stevens Point WI PD,Lee's Summit MO PD
Sisseton SD PD,Sisseton SD PD,Lee's Summit MO PD
Gladstone MO PD,Gladstone MO PD,Lee's Summit MO PD
Webster Groves MO PD,Webster Groves MO PD,Lee's Summit MO PD
Nichols Hills OK PD,Nichols Hills OK PD ,Lee's Summit MO PD
Martinsville IN PD,Martinsville IN PD,Lee's Summit MO PD
Paris TX PD,Paris TX PD,Lee's Summit MO PD
Steger IL PD,Steger IL PD ,Lee's Summit MO PD
Lincoln Parish LA SO,Lincoln Parish LA SO ,Lee's Summit MO PD
Lake Geneva WI PD,"Lake Geneva WI PD Condors,Lake Geneva WI PD",Lee's Summit MO PD
Edinburgh IN PD,Edinburgh IN PD,
Marion AR PD,Marion AR PD,Lee's Summit MO PD
Georgetown IN PD,Georgetown IN PD,Lee's Summit MO PD
Shorewood IL PD,Shorewood IL PD,Lee's Summit MO PD
Allegan County SO MI,Allegan County SO MI,
Parke County IN SO,Parke County IN SO,Lee's Summit MO PD
Forest View IL PD,Forest View IL PD ,
Bolingbrook IL PD,Bolingbrook IL PD,Lee's Summit MO PD
Beech Grove IN PD,Beech Grove IN PD,Lee's Summit MO PD
West Des Moines IA PD,West Des Moines IA PD,Lee's Summit MO PD
Pevely MO PD,Pevely MO PD,Lee's Summit MO PD
Tippecanoe County IN SO,Tippecanoe County IN SO,Lee's Summit MO PD
 IN - West Baden Springs PD,West Baden Springs PD IN,
Mount Pleasant WI PD,Mount Pleasant WI PD,Lee's Summit MO PD
Crawfordsville IN PD,Crawfordsville IN PD,Lee's Summit MO PD
Ellinwood KS PD [Inactive],Ellinwood KS PD,
Valparaiso IN PD,Valparaiso PD IN,Lee's Summit MO PD
LaGrange KY PD,LaGrange KY PD,
White House TN PD,White House TN PD (LPR),Lee's Summit MO PD
IN - Jasonville PD,Jasonville PD IN,
Menasha WI PD,Menasha WI PD,Lee's Summit MO PD
Delphi IN PD,Delphi IN PD,Lee's Summit MO PD
Dumas TX PD ,Dumas TX PD ,
SEMO Drug Task Force MO,SEMO MO Drug Task Force ,Lee's Summit MO PD
Riley County KS PD,Riley County KS PD,Lee's Summit MO PD
Gray County TX SO ,Gray County TX SO ,Lee's Summit MO PD
Hanover Park IL PD ,Hanover Park IL PD ,Lee's Summit MO PD
Carol Stream IL PD,Carol Stream Parks Division (IL),Lee's Summit MO PD
Hazel Crest IL PD,Hazel Crest IL PD,Lee's Summit MO PD
Hancock County IN SO,Hancock County IN SO,Lee's Summit MO PD
Creve Coeur IL PD,Creve Coeur IL PD,Lee's Summit MO PD
Boone County IL SO,Boone Co. IL SO,Lee's Summit MO PD
Ellsworth County KS SO,Ellsworth County KS SO,Lee's Summit MO PD
Harrisonville MO PD,Harrisonville MO PD,Lee's Summit MO PD
Bargersville IN PD,Bargersville IN PD,
Joplin MO PD,Joplin MO PD,Lee's Summit MO PD
Dyersburg TN PD,Dyersburg TN PD,Lee's Summit MO PD
Walls MS PD,Walls MS PD ,Lee's Summit MO PD
Germantown TN PD,Germantown TN PD,Lee's Summit MO PD
South Sioux City NE PD ,South Sioux City NE PD ,Lee's Summit MO PD
Union County KY SO,Union County KY SO,Lee's Summit MO PD
Athens IL PD,Athens IL PD,
Olive Branch MS PD,Olive Branch MS PD,Lee's Summit MO PD
The Colony TX PD,The Colony TX PD,Lee's Summit MO PD
Sarpy County NE SO,Sarpy County NE SO,Lee's Summit MO PD
Mar Mac IA PD,Mar-Mac IA PD ,Lee's Summit MO PD
Maplewood MO PD,Maplewood MO PD,Lee's Summit MO PD
Kankakee County IL SO,Kankakee County IL SO,Lee's Summit MO PD
Duquesne MO PD,Duquesne MO PD,Lee's Summit MO PD
City of Calverton Park (Florissant MO PD),City of Calverton Park MO (Florissant MO PD),
Rochester IL PD,Rochester IL PD (Flex),
Pontotoc MS PD,Pontotoc MS PD,Lee's Summit MO PD
Willow Springs IL PD,Willow Springs IL PD,Lee's Summit MO PD
Platte County MO SO,Platte County MO SO,Lee's Summit MO PD
Ashland MO PD,Ashland MO PD,Lee's Summit MO PD
DFW Airport PD TX,DFW Airport PD TX,
Wells County IN SO,Wells County IN SO,Lee's Summit MO PD
South Central MO Drug Task Force,South Central MO Drug Task Force,Lee's Summit MO PD
Sarcoxie MO PD,Sarcoxie MO PD,Lee's Summit MO PD
Hudson WI PD,Hudson WI PD,Lee's Summit MO PD
Lodi WI PD,Lodi WI PD,
Ponder TX PD,Ponder TX PD ,Lee's Summit MO PD
Cheatham County TN SO,Cheatham County TN SO,Lee's Summit MO PD
Douglas County IL SO,Douglas County IL SO,
Waukesha WI PD,Waukesha WI PD,Lee's Summit MO PD
Nixa MO PD,Nixa MO PD,Lee's Summit MO PD
Fulton County IN SO ,Fulton County IN SO,
TX - Mount Enterprise PD,Mount Enterprise TX PD (Flex Cams),
Tulsa OK PD,"Tulsa OK PD,1 Tulsa OK PD (Flex)",Lee's Summit MO PD
Kirkwood MO PD,"Kirkwood MO PD,Kirkwood MO PD - Wing",Lee's Summit MO PD
Festus MO PD,Festus MO PD,Lee's Summit MO PD
Hume PD IL ,Hume PD IL ,
Pawnee County KS SO,Pawnee County KS SO,Lee's Summit MO PD
Greene County IN Prosecutors,Greene County Prosecutors IN,
Ellisville MO PD,Ellisville MO PD,
Johnson County TX SO,"Johnson County TX SO (Flex),Johnson County TX SO (WingLPR)",Lee's Summit MO PD
Wapello County IA SO,Wapello County IA SO,Lee's Summit MO PD
Greenville MS PD,Greenville MS PD - LPR,Lee's Summit MO PD
Riverdale IL PD,Village of Riverdale IL PD,Lee's Summit MO PD
Oolitic Marshal’s Office,Oolitic IN PD,
Wichita Falls TX PD,"Wichita Falls TX PD ,Wichita Falls TX PD (Flex)","Lee's Summit MO PD (Flex),Lee's Summit MO PD"
Sawyer County WI SO,Sawyer County WI SO,
Floyd County IN SO,Floyd County IN SO,Lee's Summit MO PD
Lawrence IN PD,Lawrence IN PD,
Park Forest IL PD,Park Forest IL PD,
Richmond Heights MO PD,Richmond Heights MO PD,Lee's Summit MO PD
Lincoln County SO NE,Lincoln County SO NE,Lee's Summit MO PD
KS - Meade County SO,Meade County SO (KS),Lee's Summit MO PD
Iowa Department of Corrections,Iowa DOC - Des Moines,Lee's Summit MO PD
Chesterton IN PD ,Chesterton IN PD,Lee's Summit MO PD
Cumberland WI PD,Cumberland WI PD,
Grayslake IL PD ,Grayslake IL PD ,Lee's Summit MO PD
Johnston City IL PD,Johnston City IL PD,Lee's Summit MO PD
Palmyra MO PD,Palmyra MO PD,Lee's Summit MO PD
AR - Harrisburg PD,Harrisburg PD (AR),Lee's Summit MO PD
Boone County AR SO,Boone County AR SO,Lee's Summit MO PD
Blount County TN SO,Blount County TN SO,Lee's Summit MO PD
Lindale TX PD,Lindale TX PD,
Cass County IN SO,"Cass County IN SO (Flex),Cass County IN SO",Lee's Summit MO PD
Muskego WI PD,Muskego WI PD,Lee's Summit MO PD
Mustang OK PD,Mustang OK PD,
Huntington IN PD,Huntington IN PD,Lee's Summit MO PD
Elkhart PD IN,Elkhart IN PD,
Quincy IL PD,Quincy IL PD,Lee's Summit MO PD
Hardin County KY SO,Hardin County KY SO,Lee's Summit MO PD
Sangamon County IL SO,Sangamon County IL SO ,Lee's Summit MO PD
Sterling Heights MI PD,Sterling Heights MI PD,"Lee's Summit MO PD (Flex),Lee's Summit MO PD"
Whitewater WI PD,Whitewater WI PD,Lee's Summit MO PD
Spencer County IN SO,Spencer County IN SO,Lee's Summit MO PD
Scott City MO PD,Scott City MO PD,Lee's Summit MO PD
Jasper IN PD,Jasper IN PD,Lee's Summit MO PD
Waukon IA PD,Waukon IA PD,
Wyandotte Nation OK PD ,Wyandotte Nation OK PD ,Lee's Summit MO PD
Dakota County NE SO,Dakota County NE SO,
Montgomery County KS SO,Montgomery County KS SO,Lee's Summit MO PD
Chase County KS SO,Chase County KS SO,Lee's Summit MO PD
Manchester MO PD,Manchester MO PD,Lee's Summit MO PD
St. Joseph MO PD,St. Joseph MO PD,Lee's Summit MO PD
Village of French Island WI PD,Town of Campbell WI PD,Lee's Summit MO PD
Delaware County IN SO,Delaware County IN SO,
Crowell TX PD,Crowell PD TX ,Lee's Summit MO PD
Franklin County MO SO ,Franklin County MO SO ,Lee's Summit MO PD
Excelsior Springs MO PD,Excelsior Springs MO PD,"Lee's Summit MO PD (Flex),Lee's Summit MO PD"
Paducah KY PD,Paducah PD KY,Lee's Summit MO PD
Carlyle IL PD,Carlyle IL PD,Lee's Summit MO PD
Seligman MO PD,Seligman MO PD,
West Tawakoni TX PD,West Tawakoni TX PD,Lee's Summit MO PD
Breese IL PD,Breese IL PD,
Orange County FL SO,Orange County FL SO,
CSX Railroad PD,CSX Railroad TN PD,Lee's Summit MO PD
Sweet Springs MO PD,Sweet Springs MO PD,Lee's Summit MO PD
South Hutchinson KS PD,South Hutchinson KS PD,Lee's Summit MO PD
South Bend IN Airport Transit PD,South Bend IN Airport Transit PD,Lee's Summit MO PD
Oak Grove MO PD,Oak Grove MO PD,Lee's Summit MO PD
Charleston IL PD,Charleston IL PD,Lee's Summit MO PD
Clinton MO PD,Clinton MO PD,Lee's Summit MO PD
McCurtain County OK SO,McCurtain County OK SO,Lee's Summit MO PD
Posen IL PD,Posen IL PD,Lee's Summit MO PD
Ellettsville IN PD,Ellettsville IN PD,
Urbandale IA PD,Urbandale IA PD,Lee's Summit MO PD
Leake County MS SO,Leake County MS SO,Lee's Summit MO PD
Wichita County KS SO,Wichita County KS SO,Lee's Summit MO PD
Sunset Hills MO PD,Sunset Hills MO PD,Lee's Summit MO PD
Elwood IN PD,Elwood IN PD (LPR),Lee's Summit MO PD
Georgetown IL PD,Georgetown IL PD,Lee's Summit MO PD
Van Rooy Properties (IN),Crossroads of Lee's Summit (MO),
Potosi MO PD,Potosi MO PD,"Lee's Summit MO PD (Flex),Lee's Summit MO PD"
Lafayette County MO SO,Lafayette County MO SO,Lee's Summit MO PD
Fayette County TN SO,Fayette County TN SO,Lee's Summit MO PD
Bowling Green KY PD,Bowling Green KY PD,Lee's Summit MO PD
University of Louisville KY PD,"University of Louisville KY PD,University of Louisville KY PD (Flex)",
University of Illinois- Springfield,University of Illinois- Springfield,Lee's Summit MO PD
Lawrence County AL SO,Lawrence County AL SO,
Lyons IL PD,Lyons IL PD,Lee's Summit MO PD
West Bend WI PD,West Bend WI PD,Lee's Summit MO PD
Davenport IA PD,Davenport PD (IA),Lee's Summit MO PD
Indian Point MO PD,Indian Point MO PD,Lee's Summit MO PD
St. Francois County MO SO,St. Francois County MO SO,Lee's Summit MO PD
 Mercer County MO SO, Mercer County MO SO,Lee's Summit MO PD
City of Delavan WI PD,City of Delavan WI PD,Lee's Summit MO PD
Westchester IL PD,Westchester IL PD,Lee's Summit MO PD
Earlham IA PD,Earlham IA PD,Lee's Summit MO PD
Town & Country MO PD,Town & Country MO PD,Lee's Summit MO PD
Chanute KS PD,Chanute KS PD,"Lee's Summit MO PD (Flex),Lee's Summit MO PD"
Williamson Co. IL SO,Williamson Co. IL SO,Lee's Summit MO PD
Williamson County TN SO,Williamson County TN SO,Lee's Summit MO PD
Winnebago County IL SO,Winnebago County IL SO ,Lee's Summit MO PD
Rantoul IL PD,Rantoul IL PD,Lee's Summit MO PD
Washington County WI SO,Village of Richfield,Lee's Summit MO PD
Lincoln University PD MO,Lincoln University PD MO,Lee's Summit MO PD
Shelbyville TN PD,Shelbyville TN PD,Lee's Summit MO PD
Alexander AR PD,Alexander PD (AR),Lee's Summit MO PD
Harper County KS SO,Harper County KS SO,Lee's Summit MO PD
Mineral Area Drug Task Force MO,Mineral Area Drug Task Force MO,Lee's Summit MO PD
Itasca IL PD,Itasca IL PD ,
Des Peres MO DPS,Des Peres MO DPS,Lee's Summit MO PD
Sparta WI PD,Sparta WI PD,
Cambridge City IN PD,Cambridge City IN PD,Lee's Summit MO PD
Kansas Highway Patrol,Kansas Highway Patrol ,Lee's Summit MO PD
Bartlesville OK PD ,Bartlesville OK PD ,
IA - Storm Lake PD,Storm Lake PD (IA),Lee's Summit MO PD
Grundy County IL SO,Grundy County IL SO,Lee's Summit MO PD
Bowling Green MO PD,Bowling Green MO PD,"Lee's Summit MO PD (Flex),Lee's Summit MO PD"
Woodford County IL SO,Woodford County IL SO,Lee's Summit MO PD
Neshkoro WI PD,Neshkoro WI PD,Lee's Summit MO PD
Wright City MO PD,Wright City MO PD,Lee's Summit MO PD
New Baden IL PD,New Baden IL PD,Lee's Summit MO PD
Crest Hill IL PD,Crest Hill IL PD,Lee's Summit MO PD
[Federal] Indiana Dunes National Park IN PD,Indiana Dunes National Park IN PD,
Middleton WI PD,Middleton WI PD,Lee's Summit MO PD
Allen TX PD,Allen TX PD ,Lee's Summit MO PD
Murphysboro IL PD,Murphysboro IL PD ,
Riverton IL PD ,Riverton IL PD ,Lee's Summit MO PD
Overland MO PD,Overland MO PD,Lee's Summit MO PD
Desoto MO PD,Desoto MO PD,
Posey County IN SO,Posey County IN SO,Lee's Summit MO PD
Carrollton MO PD,Carrollton MO PD,Lee's Summit MO PD
Rockhurst University Campus PD (MO),Rockhurst University Campus PD (MO),Lee's Summit MO PD
Tomah WI PD,Tomah WI PD,Lee's Summit MO PD
Taylor County KY SO,Taylor County KY SO,
Ottawa IL PD,Ottawa IL PD,Lee's Summit MO PD
Richmond MO PD,Richmond MO PD,Lee's Summit MO PD
Pittsfield IL PD ,Pittsfield IL PD ,
Malvern AR PD,Malvern AR PD ,
Seneca MO PD,Seneca MO PD,Lee's Summit MO PD
Lee County IL SO,Lee County IL SO,Lee's Summit MO PD
Cumberland Metro IN PD,Cumberland Metro IN PD,Lee's Summit MO PD
Brookings SD PD,Brookings SD PD,Lee's Summit MO PD
Monroe County MO SO,Monroe County MO SO,Lee's Summit MO PD
Pokagon Tribal MI PD,Pokagon Tribal MI PD,Lee's Summit MO PD
Morgan County AL SO,,Lee's Summit MO PD
NYS Crime Analysis Center Network,,Lee's Summit MO PD
Summit IL PD,,Lee's Summit MO PD
Wayne County TN SO,,Lee's Summit MO PD
Ligonier IN PD,,Lee's Summit MO PD
Wilmette IL PD,,Lee's Summit MO PD
Rogers County OK SO,,Lee's Summit MO PD
Lone Tree CO PD,,Lee's Summit MO PD
Breckinridge County KY SO,,Lee's Summit MO PD
Fremont County IA SO,,Lee's Summit MO PD
Thomas County KS SO,,Lee's Summit MO PD
Palos Park IL PD,,Lee's Summit MO PD
Willmar MN PD,,Lee's Summit MO PD
Waukegan IL PD,,Lee's Summit MO PD
Vermillion County IN SO,,Lee's Summit MO PD
Acworth GA PD,,Lee's Summit MO PD
Hazleton PA PD,,Lee's Summit MO PD
Hardinsburg KY PD,,Lee's Summit MO PD
Pinecrest FL PD,,Lee's Summit MO PD
Warrenton MO PD,,Lee's Summit MO PD
Cocoa Beach FL PD,,Lee's Summit MO PD
Grundy County IL 911,,Lee's Summit MO PD
Sycamore IL PD ,,Lee's Summit MO PD
North Missouri Drug Task Force MO,,Lee's Summit MO PD
Zionsville IN PD,,Lee's Summit MO PD
Missouri State Highway Patrol,,"Lee's Summit MO PD (Flex),Lee's Summit MO PD"
Village of Manhattan IL PD,,Lee's Summit MO PD
River Grove IL PD ,,Lee's Summit MO PD
Cherry Valley IL PD,,Lee's Summit MO PD
Oglesby IL PD ,,Lee's Summit MO PD
Haralson County GA SO,,Lee's Summit MO PD
Morris IL PD,,Lee's Summit MO PD
Milwaukee WI PD ,,Lee's Summit MO PD
Prince William County VA PD,,Lee's Summit MO PD
Calumet Park IL PD,,Lee's Summit MO PD
Muscoda WI PD,,Lee's Summit MO PD
Gallatin TN PD,,Lee's Summit MO PD
Platte City MO PD,,Lee's Summit MO PD
Catoosa OK PD,,Lee's Summit MO PD
Rock Island IL PD,,Lee's Summit MO PD
Harwood Heights IL PD,,Lee's Summit MO PD
Rock Island County IL SO ,,Lee's Summit MO PD
Randall County TX SO ,,Lee's Summit MO PD
Show Low AZ PD,,Lee's Summit MO PD
La Paz County AZ SO,,Lee's Summit MO PD
Lakewood WA PD,,Lee's Summit MO PD
Hunt County TX SO,,Lee's Summit MO PD
TN ROCIC,,Lee's Summit MO PD
Nashville Intl Airport TN PD,,Lee's Summit MO PD
Alcoa TN PD,,Lee's Summit MO PD
North Chicago IL PD,,Lee's Summit MO PD
DeSoto County MS SO,,Lee's Summit MO PD
East Dundee IL PD,,Lee's Summit MO PD
Auburn WA PD,,Lee's Summit MO PD
Willowbrook IL PD,,Lee's Summit MO PD
Bartow County GA SO,,Lee's Summit MO PD
Pea Ridge AR PD,,Lee's Summit MO PD
Woodhaven MI PD,,Lee's Summit MO PD
Woodbury County IA SO,,Lee's Summit MO PD
Washington County OH SO,,Lee's Summit MO PD
Madison County TN SO,,Lee's Summit MO PD
Carroll County GA SO,,Lee's Summit MO PD
Moore County TX SO,,Lee's Summit MO PD
Mauldin SC PD,,Lee's Summit MO PD
Mundelein IL PD,,Lee's Summit MO PD
Alabama Department of Corrections,,Lee's Summit MO PD
Cumming GA PD,,Lee's Summit MO PD
Escambia County FL SO,,Lee's Summit MO PD
Milam County TX SO,,Lee's Summit MO PD
Holbrook MA PD,,Lee's Summit MO PD
Fishkill Town NY PD,,Lee's Summit MO PD
Kill Devil Hills NC PD,,Lee's Summit MO PD
Scott County MS SO,,Lee's Summit MO PD
Sherman IL PD,,Lee's Summit MO PD
Russellville KY PD,,Lee's Summit MO PD
Forest Preserve District Will County PD (IL),,Lee's Summit MO PD
Adams County WI SO,,Lee's Summit MO PD
Blackford County IN SO,,Lee's Summit MO PD
Idaho State Police ID,,Lee's Summit MO PD
Byron IL PD,,Lee's Summit MO PD
Crawford County IL SO ,,Lee's Summit MO PD
DuPage Co IL Prosecutor Office,,Lee's Summit MO PD
Wonder Lake IL PD,,Lee's Summit MO PD
Johnson County IN SO,,Lee's Summit MO PD
Attorney General of Illinois - Medicare Fraud Division,,Lee's Summit MO PD
Adairville KY PD,,Lee's Summit MO PD
Loveland CO PD,,Lee's Summit MO PD
Pemiscot County MO SO,,Lee's Summit MO PD
Vandalia IL PD ,,Lee's Summit MO PD
Harrison County IN SO,,Lee's Summit MO PD
Sullivan  IL PD,,Lee's Summit MO PD
Gurnee IL PD,,Lee's Summit MO PD
Metro East Auto Theft (IL),,Lee's Summit MO PD
Mahoning Twp PA PD,,Lee's Summit MO PD
Danville IN PD,,Lee's Summit MO PD
Columbia County FL SO,,Lee's Summit MO PD
Tooele City PD UT,,Lee's Summit MO PD
Overland Park KS PD,,Lee's Summit MO PD
Adams County IL SO,,Lee's Summit MO PD
Barrington Hills IL PD,,Lee's Summit MO PD
University of Illinois Urbana-Champaign IL PD,,Lee's Summit MO PD
Canadian County OK SO,,Lee's Summit MO PD
OH - Butler County SO,,Lee's Summit MO PD
Greenville County SC SO,,Lee's Summit MO PD
Gratiot County MI SO ,,Lee's Summit MO PD
Waupaca County WI SO,,Lee's Summit MO PD
Lake City FL PD,,Lee's Summit MO PD
Swainsboro GA PD,,Lee's Summit MO PD
Highland Park IL PD ,,Lee's Summit MO PD
Las Vegas NM PD,,Lee's Summit MO PD
Illinois State Police,,Lee's Summit MO PD
McHenry County IL SO,,Lee's Summit MO PD
Avon CO PD,,Lee's Summit MO PD
Clayton County GA PD,,"Lee's Summit MO PD (Flex),Lee's Summit MO PD"
New York State Police NY,,"Lee's Summit MO PD (Flex),Lee's Summit MO PD"
Waukee IA PD,,"Lee's Summit MO PD (Flex),Lee's Summit MO PD"
De Pere WI PD,,"Lee's Summit MO PD (Flex),Lee's Summit MO PD"
Richmond VA PD,,"Lee's Summit MO PD (Flex),Lee's Summit MO PD"
Ottawa KS PD,,"Lee's Summit MO PD (Flex),Lee's Summit MO PD"
Amberley Village OH PD,,"Lee's Summit MO PD (Flex),Lee's Summit MO PD"
Radcliff KY PD,,"Lee's Summit MO PD (Flex),Lee's Summit MO PD"
Murfreesboro TN PD,,"Lee's Summit MO PD (Flex),Lee's Summit MO PD"
Woodstock GA PD,,"Lee's Summit MO PD (Flex),Lee's Summit MO PD"
Lee's Summit MO PD,,"Lee's Summit MO PD (Flex),Lee's Summit MO PD"
Pinellas County FL SO,,Lee's Summit MO PD
Hamblen County TN SO,,Lee's Summit MO PD
Mansfield OH PD,,Lee's Summit MO PD
Champaign IL PD,,Lee's Summit MO PD
TX - Gunter PD,,Lee's Summit MO PD
New Albany OH PD,,Lee's Summit MO PD
Dare County NC SO,,Lee's Summit MO PD
Crainville IL PD ,,Lee's Summit MO PD
Huntingburg IN PD,,Lee's Summit MO PD
St. Johns County FL SO,,Lee's Summit MO PD
Champaign County IL SO,,Lee's Summit MO PD
Jasper County IN SO,,Lee's Summit MO PD
Ozaukee County WI SO,,Lee's Summit MO PD
Schaumburg IL PD,,Lee's Summit MO PD
Erwin NC PD,,Lee's Summit MO PD
Elm Ridge TX PD,,Lee's Summit MO PD
Trenton IL PD,,Lee's Summit MO PD
Plymouth PD IN,,Lee's Summit MO PD
South Dakota Division of Criminal Investigation SD,,Lee's Summit MO PD
Franklin County PA SO,,Lee's Summit MO PD
New Canaan CT PD,,Lee's Summit MO PD
Oconee County GA SO,,Lee's Summit MO PD
Sterling IL PD,,Lee's Summit MO PD
KY - Kentucky State Police,,Lee's Summit MO PD
St. Martin Parish LA SO,,Lee's Summit MO PD
West Hazleton PA PD,,Lee's Summit MO PD
Bulloch County GA SO,,Lee's Summit MO PD
Rutherford County TN SO,,Lee's Summit MO PD
Marshall TX PD,,Lee's Summit MO PD
Norton KS PD,,Lee's Summit MO PD
Douglas County SO (MO),,Lee's Summit MO PD
Lehigh County PA (RIIC),,Lee's Summit MO PD
Centerton AR PD,,Lee's Summit MO PD
Cowley County KS SO,,Lee's Summit MO PD
Glen Ellyn IL PD,,Lee's Summit MO PD
Mt. Juliet TN PD,,Lee's Summit MO PD
Lake Villa IL PD,,Lee's Summit MO PD
Abbeville SC PD,,Lee's Summit MO PD
Friendswood TX PD,,Lee's Summit MO PD
Lady Lake FL PD,,Lee's Summit MO PD
Champlin MN PD,,Lee's Summit MO PD
Village of Turtle Lake WI PD,,Lee's Summit MO PD
Danville IL PD,,Lee's Summit MO PD
Holland TX PD ,,Lee's Summit MO PD
Othello WA PD,,Lee's Summit MO PD
Hillsborough County FL SO,,Lee's Summit MO PD
Inverness IL PD,,Lee's Summit MO PD
Urbana OH PD,,Lee's Summit MO PD
Shreveport LA PD,,Lee's Summit MO PD
TX - Krugerville PD ,,Lee's Summit MO PD
Kennesaw GA PD,,Lee's Summit MO PD
Hall County NE SO,,Lee's Summit MO PD
Council Bluffs IA PD,,Lee's Summit MO PD
Cedartown GA PD,,Lee's Summit MO PD
Seward County NE SO,,Lee's Summit MO PD
TX - Somervell County SO ,,Lee's Summit MO PD
Rock Falls IL PD,,Lee's Summit MO PD
Kleberg TX County Attorney's Task Force,,Lee's Summit MO PD
Fletcher NC PD,,Lee's Summit MO PD
TX - Vidor PD,,Lee's Summit MO PD
Crawford County MO,,Lee's Summit MO PD
Missouri Information Analysis Center,,Lee's Summit MO PD
Pembroke NC PD,,Lee's Summit MO PD
Pettis County MO SO,,Lee's Summit MO PD
Braintree MA PD,,Lee's Summit MO PD
Abbotsford WI PD,,Lee's Summit MO PD
Troy MI PD ,,Lee's Summit MO PD
Paradise Valley AZ PD,,Lee's Summit MO PD
East Hampton Village NY PD,,Lee's Summit MO PD
Jackson County MO SO,,Lee's Summit MO PD
Ocean Springs MS PD,,Lee's Summit MO PD
Becker County MN SO,,Lee's Summit MO PD
Prescott Valley AZ PD,,Lee's Summit MO PD
Thomas County GA SO,,Lee's Summit MO PD
Metropolitan Washington DC PD,,Lee's Summit MO PD
Waxhaw NC PD,,Lee's Summit MO PD
Somerset County NJ Prosecutors Office,,Lee's Summit MO PD
Cheyenne WY PD,,Lee's Summit MO PD
Peru IN PD,,Lee's Summit MO PD
Morton IL PD,,Lee's Summit MO PD
Clovis NM PD,,Lee's Summit MO PD
Concordia MO PD,,Lee's Summit MO PD
Clinton County MO SO,,Lee's Summit MO PD
Lake County OH SO,,Lee's Summit MO PD
Giles County TN SO,,Lee's Summit MO PD
Village of Clearview WV PD,,Lee's Summit MO PD
Redfield AR PD ,,Lee's Summit MO PD
Atoka TN PD,,Lee's Summit MO PD
Wheaton IL PD,,Lee's Summit MO PD
Glendale OH PD,,Lee's Summit MO PD
Channahon IL PD,,Lee's Summit MO PD
Huntington County IN SO,,Lee's Summit MO PD
New Brighton Dept of Pub Safety (MN),,Lee's Summit MO PD
Racine County WI Communications Center,,Lee's Summit MO PD
UCPAO AR,,Lee's Summit MO PD
Humble ISD PD TX ,,Lee's Summit MO PD
Sergeant Bluff IA PD ,,Lee's Summit MO PD
Wilson County TN SO,,Lee's Summit MO PD
Bridgeview IL PD,,Lee's Summit MO PD
Marshall County Drug Task Force WV,,Lee's Summit MO PD
Collin County TX SO,,Lee's Summit MO PD
Wheeling IL PD ,,Lee's Summit MO PD
Sachse TX PD,,Lee's Summit MO PD
Rockford IL PD,,Lee's Summit MO PD
Coal Valley IL PD ,,Lee's Summit MO PD
Grand Chute WI PD,,Lee's Summit MO PD
Avery County NC SO,,Lee's Summit MO PD
Tampa FL PD,,Lee's Summit MO PD
Aviston IL PD,,Lee's Summit MO PD
Pecatonica IL PD,,Lee's Summit MO PD
Forrest County MS SO,,Lee's Summit MO PD
Rock County NE SO,,Lee's Summit MO PD
Crawford Town NY PD,,Lee's Summit MO PD
Nash TX PD,,Lee's Summit MO PD
Fort Stockton TX PD,,Lee's Summit MO PD
Cole County MO SO,,Lee's Summit MO PD
Vine Grove KY PD,,Lee's Summit MO PD
Cherokee County IA SO,,Lee's Summit MO PD
Winona MN PD,,Lee's Summit MO PD
Granbury TX PD,,Lee's Summit MO PD
Luzerne County PA DA's Office,,Lee's Summit MO PD
Louisiana State Police (LA),,Lee's Summit MO PD
Chicago IL PD,,Lee's Summit MO PD
Morgan Co MO SO,,Lee's Summit MO PD
Woodstock IL PD,,Lee's Summit MO PD
Arlington PD (WA),,Lee's Summit MO PD
Shelby County AL SO,,Lee's Summit MO PD
Lamar County TX SO,,Lee's Summit MO PD
Powell OH PD,,Lee's Summit MO PD
Two Rivers WI PD,,Lee's Summit MO PD
Marietta OK PD,,Lee's Summit MO PD
Cary IL PD,,Lee's Summit MO PD
Georgia Dept. of Corrections Intelligence Unit (GA),,Lee's Summit MO PD
Clyde PD OH,,Lee's Summit MO PD
Woodbury MN,,Lee's Summit MO PD
AR - Newton County SO,,Lee's Summit MO PD
City of Jennings MO PD,,Lee's Summit MO PD
Middleburg Heights OH PD,,Lee's Summit MO PD
Indianapolis Metro PD IN,,Lee's Summit MO PD
Kane County IL SO,,Lee's Summit MO PD
Ridgeland MS PD,,Lee's Summit MO PD
Byron GA PD ,,Lee's Summit MO PD
Butler County KS SO,,Lee's Summit MO PD
Lantana FL PD,,Lee's Summit MO PD
MS - Yazoo City PD,,Lee's Summit MO PD
Lake In The Hills IL PD,,Lee's Summit MO PD
Leitchfield KY PD,,Lee's Summit MO PD
Lisle IL PD,,Lee's Summit MO PD
Palos Heights IL PD,,Lee's Summit MO PD
Salem IL PD,,Lee's Summit MO PD
Antioch IL PD,,Lee's Summit MO PD
Dearborn MI PD,,Lee's Summit MO PD
Benton County WA SO,,Lee's Summit MO PD
Loup County NE SO,,Lee's Summit MO PD
Skokie IL PD,,Lee's Summit MO PD
Fairfield CA PD,,Lee's Summit MO PD
Iowa County WI SO,,Lee's Summit MO PD
Sun Valley PD ID ,,Lee's Summit MO PD
Will County IL SO,,Lee's Summit MO PD
Clive IA PD,,Lee's Summit MO PD
Peoria County IL SO,,Lee's Summit MO PD
Bossier Parish LA SO,,Lee's Summit MO PD
Marshalltown IA PD,,Lee's Summit MO PD
Tontitown AR PD,,Lee's Summit MO PD
Rossville IL PD,,Lee's Summit MO PD
South Barrington IL PD,,Lee's Summit MO PD
Vernon Hills IL PD,,Lee's Summit MO PD
Lonoke County AR SO,,Lee's Summit MO PD
Melrose Park IL PD,,Lee's Summit MO PD
OK - Washita County SO,,Lee's Summit MO PD
Washoe County NV SO,,Lee's Summit MO PD
Melissa TX PD,,Lee's Summit MO PD
Wixom MI PD,,Lee's Summit MO PD
West Virginia Fusion Center (WV),,Lee's Summit MO PD
Carroll County MO SO ,,Lee's Summit MO PD
IN - Rensselaer PD,,Lee's Summit MO PD
Corydon IN PD,,Lee's Summit MO PD
Summit County Sheriff's Office (CO),,Lee's Summit MO PD
Round Lake Park IL PD,,Lee's Summit MO PD
Struthers OH PD,,Lee's Summit MO PD
Raleigh NC PD,,Lee's Summit MO PD
Waterville OH PD,,Lee's Summit MO PD
Belpre OH PD,,Lee's Summit MO PD
Warren County MO SO,,Lee's Summit MO PD
Warrenville IL PD,,Lee's Summit MO PD
Porter IN PD,,Lee's Summit MO PD
Lubbock TX PD,,Lee's Summit MO PD
Calhoun County SC SO,,Lee's Summit MO PD
National Center for Missing & Exploited Children [NCMEC],,Lee's Summit MO PD
Alabaster AL PD,,Lee's Summit MO PD
Vernon Parish LA SO,,Lee's Summit MO PD
Avoca PA PD,,Lee's Summit MO PD
Gulf Breeze FL PD,,Lee's Summit MO PD
Hope Mills NC PD,,Lee's Summit MO PD
Newton County MS SO,,Lee's Summit MO PD
Orland Hills IL PD,,Lee's Summit MO PD
Austin County TX SO,,Lee's Summit MO PD
Graves County KY SO,,Lee's Summit MO PD
Carterville IL PD,,Lee's Summit MO PD
Creek County OK SO,,Lee's Summit MO PD
Marquette County WI SO,,Lee's Summit MO PD
Burnham IL PD ,,Lee's Summit MO PD
Noble County OH SO,,Lee's Summit MO PD
Janesville WI PD,,Lee's Summit MO PD
Boone County MO SO,,Lee's Summit MO PD
Union County SD SO,,Lee's Summit MO PD
Hoffman Estates IL PD,,Lee's Summit MO PD
Ozark AR PD,,Lee's Summit MO PD
Saint George KS PD,,Lee's Summit MO PD
Santa Rosa County FL SO,,Lee's Summit MO PD
Dublin OH PD,,Lee's Summit MO PD
Scurry County TX SO,,Lee's Summit MO PD
Henderson TX PD,,Lee's Summit MO PD
Mendota IL PD,,Lee's Summit MO PD
Maury County TN SO,,Lee's Summit MO PD
Forsyth County GA SO,,Lee's Summit MO PD
Fayetteville TN PD,,Lee's Summit MO PD
University of Tennessee Health Science Center Memphis TN PD,,Lee's Summit MO PD
McPherson County KS SO,,Lee's Summit MO PD
Marble Falls TX PD,,Lee's Summit MO PD
Bedford County TN SO,,Lee's Summit MO PD
Santa Claus IN PD,,Lee's Summit MO PD
Jennings County IN SO,,Lee's Summit MO PD
Seguin TX PD,,Lee's Summit MO PD
Wagoner CO SO OK,,Lee's Summit MO PD
Okeechobee County FL SO,,Lee's Summit MO PD
Grand Haven MI DPS,,Lee's Summit MO PD
Mountain Bay Metro WI PD,,Lee's Summit MO PD
Highland Heights KY PD,,Lee's Summit MO PD
Montgomery County TX SO,,Lee's Summit MO PD
Sugar Creek MO PD,,Lee's Summit MO PD
Charlestown PD IN,,Lee's Summit MO PD
Ottawa County KS SO,,Lee's Summit MO PD
Carpentersville IL PD,,Lee's Summit MO PD
Mt. Washington KY PD,,Lee's Summit MO PD
Town of Newburgh NY PD,,Lee's Summit MO PD
Ada OK PD,,Lee's Summit MO PD
New Haven IN PD,,Lee's Summit MO PD
Farmington PD AR,,Lee's Summit MO PD
Milan IL PD ,,Lee's Summit MO PD
Dayton MN PD,,Lee's Summit MO PD
West City IL PD ,,Lee's Summit MO PD
Des Moines IA PD,,Lee's Summit MO PD
Rolling Meadows IL PD,,Lee's Summit MO PD
Wynne School District 9 AR PD,,Lee's Summit MO PD
Mill Creek WA PD,,Lee's Summit MO PD
Beaver Dam WI PD,,Lee's Summit MO PD
Mountain City TN PD,,Lee's Summit MO PD
City of California MO PD,,Lee's Summit MO PD
Woodlawn OH PD,,Lee's Summit MO PD
Halls TN PD,,Lee's Summit MO PD
Kearney NE PD,,Lee's Summit MO PD
University of West Georgia GA PD,,Lee's Summit MO PD
Loves Park IL PD,,Lee's Summit MO PD
Camden AR PD,,Lee's Summit MO PD
Country Club Hills IL PD,,Lee's Summit MO PD
Cuyahoga Falls OH PD,,Lee's Summit MO PD
Nassau County NY PD,,Lee's Summit MO PD
Springdale OH PD,,Lee's Summit MO PD
Wabash County IN SO,,Lee's Summit MO PD
Savannah TN PD,,Lee's Summit MO PD
Puyallup WA PD,,Lee's Summit MO PD
Springville PD (UT)  ,,Lee's Summit MO PD
California Department of Corrections,,Lee's Summit MO PD
Russellville AR PD,,Lee's Summit MO PD
Oxford AL PD,,Lee's Summit MO PD
Owatonna MN PD,,Lee's Summit MO PD
Wichita KS PD,,Lee's Summit MO PD
Kokomo IN PD,,Lee's Summit MO PD
Moffat County SO CO,,Lee's Summit MO PD
Huron OH PD,,Lee's Summit MO PD
Windsor CO PD,,Lee's Summit MO PD
Fairlawn OH PD,,Lee's Summit MO PD
Wylie TX PD,,Lee's Summit MO PD
Woodridge IL PD,,Lee's Summit MO PD
Muskogee OK PD,,Lee's Summit MO PD
Ottawa County MI SO,,Lee's Summit MO PD
Palm Beach County FL SO,,Lee's Summit MO PD
Pike County IL SO ,,Lee's Summit MO PD
OK - 477,,Lee's Summit MO PD
South Carolina Law Enforcement Division - SLED,,Lee's Summit MO PD
Douglas County NV SO,,Lee's Summit MO PD
Milford MI PD,,Lee's Summit MO PD
Bloomington IL PD,,Lee's Summit MO PD
Richland County SC SO,,Lee's Summit MO PD
Copiah County MS SO,,Lee's Summit MO PD
Cookeville TN PD,,Lee's Summit MO PD
Lakeland FL PD,,Lee's Summit MO PD
Woodstock AL PD,,Lee's Summit MO PD
Madison MS PD,,Lee's Summit MO PD
Mount Pleasant SC PD,,Lee's Summit MO PD
Chaffee MO PD,,Lee's Summit MO PD
Beaumont TX PD,,Lee's Summit MO PD
Regional Vehicle Burglary Suppression Taskforce TX,,Lee's Summit MO PD
Fulton County IL SO,,Lee's Summit MO PD
Martins Ferry OH PD,,Lee's Summit MO PD
Tarrant County TX SO,,Lee's Summit MO PD
Butts County GA SO,,Lee's Summit MO PD
North Aurora IL PD,,Lee's Summit MO PD
Melrose MA PD,,Lee's Summit MO PD
Russell County AL SO,,Lee's Summit MO PD
Bedford VA PD,,Lee's Summit MO PD
Wood Dale IL PD,,Lee's Summit MO PD
Clay County TX SO ,,Lee's Summit MO PD
Miller County AR SO,,Lee's Summit MO PD
Manila AR PD,,Lee's Summit MO PD
Cass County IL SO,,Lee's Summit MO PD
Norton Shores MI PD,,Lee's Summit MO PD
Phelps County NE SO,,Lee's Summit MO PD
Cedar County IA SO,,Lee's Summit MO PD
Clark County OH SO,,Lee's Summit MO PD
Queen City TX PD,,Lee's Summit MO PD
Lena IL PD,,Lee's Summit MO PD
Cumberland County PA DA,,Lee's Summit MO PD
Lowndes County GA SO,,Lee's Summit MO PD
Monroe County MS SO,,Lee's Summit MO PD
North Manchester IN PD ,,Lee's Summit MO PD
Maries County MO SO,,Lee's Summit MO PD
South Elgin IL PD,,Lee's Summit MO PD
City of Maryville MO,,Lee's Summit MO PD
Lawrence County MO SO,,Lee's Summit MO PD
Casa Grande AZ PD,,Lee's Summit MO PD
Bentonville AR PD,,Lee's Summit MO PD
Hartsville SC PD,,Lee's Summit MO PD
Decatur IL PD,,Lee's Summit MO PD
Warren County KY SO,,Lee's Summit MO PD
Pope County AR SO,,Lee's Summit MO PD
Volusia County FL SO,,Lee's Summit MO PD
Juab County UT SO,,Lee's Summit MO PD
AR - Arkadelphia PD,,Lee's Summit MO PD
Mounds View MN PD,,Lee's Summit MO PD
Bienville Parish LA SO ,,Lee's Summit MO PD
TX - Joshua PD,,Lee's Summit MO PD
MS - Raymond PD,,Lee's Summit MO PD
Limestone County AL SO,,Lee's Summit MO PD
Floyd County GA PD,,Lee's Summit MO PD
Kirksville MO PD,,Lee's Summit MO PD
Whiteville NC PD,,Lee's Summit MO PD
Apex NC PD,,Lee's Summit MO PD
Bayfield County WI SO,,Lee's Summit MO PD
Utah County UT SO - Vineyard PD,,Lee's Summit MO PD
Bryant AR PD,,Lee's Summit MO PD
Tennessee Bureau of Investigation,,Lee's Summit MO PD
Port Fourchon Harbor LA PD,,Lee's Summit MO PD
TX - Milford PD,,Lee's Summit MO PD
Saline County IL SO,,Lee's Summit MO PD
Warner Robins GA PD,,Lee's Summit MO PD
Ripley TN PD,,Lee's Summit MO PD
Marshall County MS SO,,Lee's Summit MO PD
Covington LA PD,,Lee's Summit MO PD
Madison County MS SO,,Lee's Summit MO PD
Georgetown KY PD,,Lee's Summit MO PD
Brookville OH PD,,Lee's Summit MO PD
Mississippi Department of Public Safety,,Lee's Summit MO PD
Kennesaw State University GA PD,,Lee's Summit MO PD
Rockmart GA PD,,Lee's Summit MO PD
City of Sierra Vista AZ,,Lee's Summit MO PD
Bay St. Louis MS PD,,Lee's Summit MO PD
Lea County NM SO,,Lee's Summit MO PD
Greene County OH SO,,Lee's Summit MO PD
White County IL SO,,Lee's Summit MO PD
Glenpool OK PD,,Lee's Summit MO PD
Horn Lake MS PD,,Lee's Summit MO PD
Menominee Tribal WI PD,,Lee's Summit MO PD
Kingston TN PD,,Lee's Summit MO PD
Goodlettsville TN PD,,Lee's Summit MO PD
Independence MO PD,,Lee's Summit MO PD
Fairfax OH PD,,Lee's Summit MO PD
University of Memphis TN PD,,Lee's Summit MO PD
Raeford NC PD,,Lee's Summit MO PD
Dickenson County VA SO,,Lee's Summit MO PD
Milton GA PD,,Lee's Summit MO PD
Tipton IA PD,,Lee's Summit MO PD
Pine Hill AL PD,,Lee's Summit MO PD
Hopkins MN PD,,Lee's Summit MO PD
Mulvane KS PD,,Lee's Summit MO PD
Scottsville KY PD,,Lee's Summit MO PD
AL - Bear Creek PD,,Lee's Summit MO PD
Grayson County TX SO,,Lee's Summit MO PD
Cumby TX PD ,,Lee's Summit MO PD
Jeffersonville IN PD,,Lee's Summit MO PD
Greene County IN SO,,Lee's Summit MO PD
Union County GA SO,,Lee's Summit MO PD
Cartersville GA PD,,Lee's Summit MO PD
Millington TN PD,,Lee's Summit MO PD
East Moline IL PD,,Lee's Summit MO PD
Ouachita Parish LA SO,,Lee's Summit MO PD
Wilton Manors FL PD,,Lee's Summit MO PD
Morristown TN PD,,Lee's Summit MO PD
Marion County AL SO,,Lee's Summit MO PD
Decatur County TN SO,,Lee's Summit MO PD
Central City KY PD,,Lee's Summit MO PD
Palestine TX PD,,Lee's Summit MO PD
Lubbock County TX SO ,,Lee's Summit MO PD
Halifax County NC SO,,Lee's Summit MO PD
Lighthouse Point FL PD,,Lee's Summit MO PD
Fillmore County NE SO,,Lee's Summit MO PD
Columbus GA PD,,Lee's Summit MO PD
Lone Jack MO PD,,Lee's Summit MO PD
Kankakee IL PD,,Lee's Summit MO PD
South Plains Auto Theft Task Force TX,,Lee's Summit MO PD
Andover KS PD,,Lee's Summit MO PD
Metra IL PD,,Lee's Summit MO PD
Columbus County NC SO,,Lee's Summit MO PD
Miami OK PD,,Lee's Summit MO PD
Chilton County AL SO,,Lee's Summit MO PD
Fox Valley IL Parks District,,Lee's Summit MO PD
Pleasant Hill MO PD,,Lee's Summit MO PD
Ada County ID SO,,Lee's Summit MO PD
IN - Tipton County SO,,Lee's Summit MO PD
Hueytown AL PD,,Lee's Summit MO PD
Lakeville MN PD,,Lee's Summit MO PD
Maize KS PD,,Lee's Summit MO PD
Glen Carbon IL PD,,Lee's Summit MO PD
Town of Hochatown OK ,,Lee's Summit MO PD
Dixmoor IL PD,,Lee's Summit MO PD
Gastonia NC PD,,Lee's Summit MO PD
Rosemont IL PD,,Lee's Summit MO PD
Lombard IL PD,,Lee's Summit MO PD
Davidson NC PD,,Lee's Summit MO PD
CO - Rangely PD,,Lee's Summit MO PD
Orting WA PD,,Lee's Summit MO PD
Denison University Campus OH PD,,Lee's Summit MO PD
Marysville OH PD,,Lee's Summit MO PD
Carbondale IL PD,,Lee's Summit MO PD
Seal Beach CA PD ,,Lee's Summit MO PD
Oxford PD - OH,,Lee's Summit MO PD
Ohio State Highway Patrol,,Lee's Summit MO PD
Pryor Creek OK PD,,Lee's Summit MO PD
Harlan County NE SO,,Lee's Summit MO PD
Winterville NC PD,,Lee's Summit MO PD
Cleveland MS PD,,Lee's Summit MO PD
Knox County IN SO,,Lee's Summit MO PD
Oswego IL PD,,Lee's Summit MO PD
Spotsylvania County VA SO,,Lee's Summit MO PD
Kline Township PA PD,,Lee's Summit MO PD
Tulsa County OK SO,,Lee's Summit MO PD
Portage County WI SO,,Lee's Summit MO PD
NC - North Carolina State Bureau of Investigation (NCSBI),,Lee's Summit MO PD
Adams County WA SO,,Lee's Summit MO PD
Medina MN PD,,Lee's Summit MO PD
Aurora IL PD,,Lee's Summit MO PD
Sealy TX PD,,Lee's Summit MO PD
Jesup GA PD,,Lee's Summit MO PD
Lumberton NC PD,,Lee's Summit MO PD
Carson County TX SO ,,Lee's Summit MO PD
Onalaska WI PD,,Lee's Summit MO PD
Bushnell IL PD,,Lee's Summit MO PD
Loris SC PD,,Lee's Summit MO PD
Peculiar MO PD,,Lee's Summit MO PD
Jefferson County SO KS,,Lee's Summit MO PD
Cleveland County OK SO,,Lee's Summit MO PD
University Circle OH PD,,Lee's Summit MO PD
Lewisville TX PD,,Lee's Summit MO PD
Starke County IN SO,,Lee's Summit MO PD
Goose Creek SC PD ,,Lee's Summit MO PD
Saline County KS SO,,Lee's Summit MO PD
Cedarburg WI PD [Inactive],,Lee's Summit MO PD
Windsor- IL- PD,,Lee's Summit MO PD
Pennsylvania State PD,,Lee's Summit MO PD
Greers Ferry AR PD,,Lee's Summit MO PD
Atoka County SO (OK),,Lee's Summit MO PD
Romeoville IL PD,,Lee's Summit MO PD
Mount Holly NC PD,,Lee's Summit MO PD
Mclean County IL SO,,Lee's Summit MO PD
Somerset MA PD,,Lee's Summit MO PD
Galva IL PD,,Lee's Summit MO PD
El Dorado KS PD,,Lee's Summit MO PD
University of Missouri Campus MO PD,,Lee's Summit MO PD
Burlington NC PD,,Lee's Summit MO PD
Clarence MO PD,,Lee's Summit MO PD
Glen Cove NY PD,,Lee's Summit MO PD
Irvine CA PD,,Lee's Summit MO PD
Clinton County IA SO,,Lee's Summit MO PD
Minnehaha County SD SO ,,Lee's Summit MO PD
Putnam County GA SO,,Lee's Summit MO PD
Cullman County AL SO,,Lee's Summit MO PD
Rockport IN PD,,Lee's Summit MO PD
Parker County TX SO,,Lee's Summit MO PD
Montgomery County IN SO,,Lee's Summit MO PD
Hartford City IN PD,,Lee's Summit MO PD
Shawnee County KS SO,,Lee's Summit MO PD
Iredell County NC SO,,Lee's Summit MO PD
Rincon GA PD,,Lee's Summit MO PD
Menard County IL SO,,Lee's Summit MO PD
Marshall County AL SO,,Lee's Summit MO PD
Osceola IA PD,,Lee's Summit MO PD
La Grange IL PD,,Lee's Summit MO PD
Montgomery County MO SO,,Lee's Summit MO PD
Allen County KY SO,,Lee's Summit MO PD
Ballard County KY SO,,Lee's Summit MO PD
Silver Lake PD IN,,Lee's Summit MO PD
Dothan AL PD,,Lee's Summit MO PD
Canyon TX PD  ,,Lee's Summit MO PD
Wheeler County TX SO,,Lee's Summit MO PD
Palm Springs CA PD,,Lee's Summit MO PD
Taylor MI PD,,Lee's Summit MO PD
Opelousas LA PD,,Lee's Summit MO PD
Saint Francis WI PD,,Lee's Summit MO PD
Albion MI DPS,,Lee's Summit MO PD
Colorado State Patrol,,Lee's Summit MO PD
Cherokee County GA DA,,Lee's Summit MO PD
Blount County Commission (AL),,Lee's Summit MO PD
Fairfax County VA PD,,Lee's Summit MO PD
Kaysville UT PD,,Lee's Summit MO PD
Niagara Falls City NY PD,,Lee's Summit MO PD
New Hanover County NC SO,,Lee's Summit MO PD
Kewanee IL PD ,,Lee's Summit MO PD
Ohio Department of Rehabilitation and Correction - Office of the Chief Inspector,,Lee's Summit MO PD
Chautauqua County KS SO,,Lee's Summit MO PD
Portland TX PD,,Lee's Summit MO PD
La Vergne TN PD,,Lee's Summit MO PD
Louisiana MO PD,,Lee's Summit MO PD
Riverside County CA District Attorney,,Lee's Summit MO PD
Kendallville IN PD,,Lee's Summit MO PD
Lindsborg KS PD,,Lee's Summit MO PD
Searcy County AR SO,,Lee's Summit MO PD
Covington GA PD,,Lee's Summit MO PD
Moundsville WV PD,,Lee's Summit MO PD
Fayette County IL SO ,,Lee's Summit MO PD
Dexter MO PD,,Lee's Summit MO PD
Jackson County MS SO,,Lee's Summit MO PD
Bel Aire KS PD,,Lee's Summit MO PD
Crisp County GA SO,,Lee's Summit MO PD
Morgan County IL SO,,Lee's Summit MO PD
Oak Brook IL PD ,,Lee's Summit MO PD
Flossmoor IL PD,,Lee's Summit MO PD
Palatine IL PD,,Lee's Summit MO PD
Northwest Arkansas Regional Airport AR PD,,Lee's Summit MO PD
Monroe MI PD,,Lee's Summit MO PD
Sulphur Springs TX PD,,Lee's Summit MO PD
Wisconsin State Capitol Police (WI),,Lee's Summit MO PD
Pembroke Pines FL PD,,Lee's Summit MO PD
Round Rock TX PD,,Lee's Summit MO PD
Greenfield CA PD,,Lee's Summit MO PD
Union Township PD (Clermont Co) - OH,,Lee's Summit MO PD
NE - Colfax Co SO,,Lee's Summit MO PD
Goodyear AZ PD,,Lee's Summit MO PD
Depue IL PD,,Lee's Summit MO PD
North Ridgeville OH PD,,Lee's Summit MO PD
Norfolk Southern RR IL PD,,Lee's Summit MO PD
Valley County SO NE ,,Lee's Summit MO PD
Red Bay AL PD,,Lee's Summit MO PD
Le Mars IA PD,,Lee's Summit MO PD
Kendall County TX SO,,Lee's Summit MO PD
OH - Bridgeport PD,,Lee's Summit MO PD
St. Clair County MI SO,,Lee's Summit MO PD
Marseilles IL PD,,Lee's Summit MO PD
Gun Barrel TX PD,,Lee's Summit MO PD
Decatur IN PD,,Lee's Summit MO PD
Iowa State University IA PD,,Lee's Summit MO PD
Eastpointe MI PD,,Lee's Summit MO PD
City of Waverly PD MO,,Lee's Summit MO PD
Tomball TX PD,,Lee's Summit MO PD
Moline IL PD,,Lee's Summit MO PD
Rapides Parish LA SO,,Lee's Summit MO PD
Mountain Home AR PD,,Lee's Summit MO PD
Big Bend WI PD,,Lee's Summit MO PD
Brown County IL SO,,Lee's Summit MO PD
Haskell County TX SO,,Lee's Summit MO PD
Portland AR PD,,Lee's Summit MO PD
West Fork AR PD,,Lee's Summit MO PD
Tallahassee FL PD,,Lee's Summit MO PD
NESPIN - New England State Police Information Network,,Lee's Summit MO PD
Laurens County GA SO,,Lee's Summit MO PD
Northfield IL PD,,Lee's Summit MO PD
Cortland IL PD,,Lee's Summit MO PD
Hutchinson KS PD,,Lee's Summit MO PD
Wabash IN PD,,Lee's Summit MO PD
Panola County MS SO,,Lee's Summit MO PD
Garden City MI PD,,Lee's Summit MO PD
KenCom Public Safety Dispatch,,Lee's Summit MO PD
Lebanon MO PD,,Lee's Summit MO PD
Carmi IL PD,,Lee's Summit MO PD
Jackson County GA SO,,Lee's Summit MO PD
Box Butte County NE SO ,,Lee's Summit MO PD
Port Edwards WI PD,,Lee's Summit MO PD
Macon County IL SO,,Lee's Summit MO PD
Weston MO PD,,Lee's Summit MO PD
Jackson MS PD,,Lee's Summit MO PD
Kansas City MO PD,,Lee's Summit MO PD
Springdale AR PD,,Lee's Summit MO PD
Franklin Park IL PD,,Lee's Summit MO PD
Jackson Township OH PD (Stark County),,Lee's Summit MO PD
Mineola TX PD,,Lee's Summit MO PD
University of Minnesota MN PD (Twin Cities),,Lee's Summit MO PD
Linn County SO KS,,Lee's Summit MO PD
Pitt County NC SO,,Lee's Summit MO PD
Harrison OH PD,,Lee's Summit MO PD
St. John Parish LA SO,,Lee's Summit MO PD
DeKalb IL PD,,Lee's Summit MO PD
Nebraska State Patrol,,Lee's Summit MO PD
Grand Beach/Michiana MI PD,,Lee's Summit MO PD
Gasconade Co MO SO,,Lee's Summit MO PD
Macon County MO SO,,Lee's Summit MO PD
Hempstead Village NY PD,,Lee's Summit MO PD
Obion County TN SO,,Lee's Summit MO PD
Cedar Rapids IA PD,,Lee's Summit MO PD
Waynesville MO PD,,Lee's Summit MO PD
Southern Regl PA PD,,Lee's Summit MO PD
Benton AR PD,,Lee's Summit MO PD
Wynne AR PD,,Lee's Summit MO PD
Downers Grove IL PD,,Lee's Summit MO PD
Hickory Creek TX PD,,Lee's Summit MO PD
Methodist Health System PD (TX),,Lee's Summit MO PD
Codington County SD SO,,Lee's Summit MO PD
Mansfield TX PD,,Lee's Summit MO PD
Butler Township PA PD,,Lee's Summit MO PD
Summerset SD PD,,Lee's Summit MO PD
Caddo Parish LA SO,,Lee's Summit MO PD
Pinellas Park FL PD,,Lee's Summit MO PD
Waynesville NC PD,,Lee's Summit MO PD
Ogallala NE PD,,Lee's Summit MO PD
Medina Township OH PD,,Lee's Summit MO PD
Roseville MI PD,,Lee's Summit MO PD
Delaware County OH SO,,Lee's Summit MO PD
Lawrence County TN SO,,Lee's Summit MO PD
Orange Beach AL PD,,Lee's Summit MO PD
Dodge County GA SO,,Lee's Summit MO PD
Hamilton County OH SO,,Lee's Summit MO PD
Buhler KS PD,,Lee's Summit MO PD
Roselle IL PD ,,Lee's Summit MO PD
Farmers Branch TX PD,,Lee's Summit MO PD
Timnath CO PD,,Lee's Summit MO PD
St. Charles IL PD,,Lee's Summit MO PD
Payson AZ PD,,Lee's Summit MO PD
Walton County FL SO,,Lee's Summit MO PD
Franklin Township PA PD,,Lee's Summit MO PD
Lawton OK PD,,Lee's Summit MO PD
Fargo ND PD,,Lee's Summit MO PD
Durango CO PD,,Lee's Summit MO PD
Tonganoxie KS PD,,Lee's Summit MO PD
Terrebonne Parish LA SO ,,Lee's Summit MO PD
Cleveland OH Division of Police ,,Lee's Summit MO PD
TX - Collinsville PD,,Lee's Summit MO PD
Glenview IL PD,,Lee's Summit MO PD
Springfield FL PD,,Lee's Summit MO PD
Glencoe IL PD,,Lee's Summit MO PD
Mason County IL SO,,Lee's Summit MO PD
Gluckstadt MS PD,,Lee's Summit MO PD
Lake County IL SO ,,Lee's Summit MO PD
Colquitt County GA SO,,Lee's Summit MO PD
Prescott AZ PD,,Lee's Summit MO PD
Vandalia OH PD,,Lee's Summit MO PD
Sarasota County FL SO,,Lee's Summit MO PD
Fridley MN PD,,Lee's Summit MO PD
Colby KS PD,,Lee's Summit MO PD
Reeves CO TX SO,,Lee's Summit MO PD
Houston Arson Bureau TX,,Lee's Summit MO PD
Jacksonville IL PD,,Lee's Summit MO PD
Clover SC PD,,Lee's Summit MO PD
Westport Regional Business League (MO),,Lee's Summit MO PD
Houston TX PD,,Lee's Summit MO PD
Leeton MO PD,,Lee's Summit MO PD
Oconomowoc WI PD,,Lee's Summit MO PD
Dawson County NE SO,,Lee's Summit MO PD
Stoddard County MO SO ,,Lee's Summit MO PD
Memphis TN PD,,Lee's Summit MO PD
Borger TX PD ,,Lee's Summit MO PD
Niceville FL PD,,Lee's Summit MO PD
St Mary Parish LA SO,,Lee's Summit MO PD
Dodge City KS PD,,Lee's Summit MO PD
Milwaukee County WI SO,,Lee's Summit MO PD
Homecroft IN PD,,Lee's Summit MO PD
Henry County MO SO,,Lee's Summit MO PD
OK - University of Oklahoma Health Science Center PD,,Lee's Summit MO PD
Vestavia Hills AL PD,,Lee's Summit MO PD
Marion County IL SO,,Lee's Summit MO PD
Dent County MO SO,,Lee's Summit MO PD
Blytheville AR PD,,Lee's Summit MO PD
North Liberty IA PD,,Lee's Summit MO PD
Arthur IL PD,,Lee's Summit MO PD
Lamar County MS SO,,Lee's Summit MO PD
Brownsburg IN PD,,Lee's Summit MO PD
Glencoe AL PD,,Lee's Summit MO PD
Custer County CO SO,,Lee's Summit MO PD
Salida CO PD,,Lee's Summit MO PD
Lexington KY PD,,Lee's Summit MO PD
Belle Plaine MN PD,,Lee's Summit MO PD
Brighton CO PD,,Lee's Summit MO PD
Lake Zurich IL PD,,Lee's Summit MO PD
University of South Florida FL PD,,Lee's Summit MO PD
Adrian MO PD,,Lee's Summit MO PD
Helena AL PD,,Lee's Summit MO PD
Lake Tapawingo MO PD,,Lee's Summit MO PD
Millcreek Twp PA PD ,,Lee's Summit MO PD
Village of Pingree Grove IL PD,,Lee's Summit MO PD
Scott County MO SO,,Lee's Summit MO PD
Freeport IL PD,,Lee's Summit MO PD
Tompkinsville KY PD,,Lee's Summit MO PD
Clark County IN SO,,Lee's Summit MO PD
Ohio County SO WV,,Lee's Summit MO PD
Henry County AL SO,,Lee's Summit MO PD
Daytona Beach FL PD,,Lee's Summit MO PD
Jefferson TX ISD PD,,Lee's Summit MO PD
Union County MS SO,,Lee's Summit MO PD
Brunswick County NC SO,,Lee's Summit MO PD
Brevard County FL SO ,,Lee's Summit MO PD
Town of Groton CT PD,,Lee's Summit MO PD
Canton TX PD,,Lee's Summit MO PD
White County AR SO ,,Lee's Summit MO PD
Dunn NC PD,,Lee's Summit MO PD
Great Bend KS PD,,Lee's Summit MO PD
Jackson Parish LA SO,,Lee's Summit MO PD
Greenfield WI PD,,Lee's Summit MO PD
Huntley IL PD ,,Lee's Summit MO PD
New Castle PA PD,,Lee's Summit MO PD
Neosho County KS SO,,Lee's Summit MO PD
Maple Bluff WI PD,,Lee's Summit MO PD
Clarksville VA PD,,Lee's Summit MO PD
West Terre Haute IN PD,,Lee's Summit MO PD
West Chester OH PD,,Lee's Summit MO PD
Etowah County AL SO,,Lee's Summit MO PD
Pleasant Hill IA PD,,Lee's Summit MO PD
Newport AR PD,,Lee's Summit MO PD
Bourbon County KS SO,,Lee's Summit MO PD
Kent County MI SO,,Lee's Summit MO PD
Tarpon Springs FL PD,,Lee's Summit MO PD
Normal IL PD,,Lee's Summit MO PD
Chesterfield County VA PD,,Lee's Summit MO PD
Portland TN PD,,Lee's Summit MO PD
Tuscaloosa AL PD,,Lee's Summit MO PD
Onondaga County NY SO,,Lee's Summit MO PD
Kansas KBI,,Lee's Summit MO PD
Wyoming OH PD,,Lee's Summit MO PD
El Cajon CA PD,,Lee's Summit MO PD
Flora- IL - PD,,Lee's Summit MO PD
Cherryvale KS PD,,Lee's Summit MO PD
Hazel Park MI PD,,Lee's Summit MO PD
Scarborough ME PD,,Lee's Summit MO PD
Norwood OH PD,,Lee's Summit MO PD
Alvin TX PD,,Lee's Summit MO PD
WI Department of Justice,,Lee's Summit MO PD
Oklahoma City Community College PD ,,Lee's Summit MO PD
Dubuque IA PD,,Lee's Summit MO PD
Jasper AL PD,,Lee's Summit MO PD
Fort Wayne IN PD,,Lee's Summit MO PD
Newport TN PD,,Lee's Summit MO PD
Oak Creek WI PD,,Lee's Summit MO PD
Chambers County AL SO,,Lee's Summit MO PD
Blackshear GA PD,,Lee's Summit MO PD
Lee County GA SO,,Lee's Summit MO PD
Chillicothe IL PD ,,Lee's Summit MO PD
Butler Township OH PD,,Lee's Summit MO PD
University of Illinois - Chicago IL PD,,Lee's Summit MO PD
Batesville MS PD,,Lee's Summit MO PD
Rock Hill SC PD,,Lee's Summit MO PD
Pulaski County AR SO,,Lee's Summit MO PD
Owensboro KY PD,,Lee's Summit MO PD
Carrollton GA PD,,Lee's Summit MO PD
Texarkana AR PD,,Lee's Summit MO PD
Tipp City OH PD,,Lee's Summit MO PD
Harrisburg IL PD,,Lee's Summit MO PD
Morehead KY PD,,Lee's Summit MO PD
Energy IL PD,,Lee's Summit MO PD
Lucas County OH SO,,Lee's Summit MO PD
Caruthersville MO PD,,Lee's Summit MO PD
Newton County GA SO,,Lee's Summit MO PD
MS - Flowood PD,,Lee's Summit MO PD
Morrisville MO PD,,Lee's Summit MO PD
Lake Forest IL PD,,Lee's Summit MO PD
Miami-Dade FL SO,,Lee's Summit MO PD
Baylor Scott & White PD (TX),,Lee's Summit MO PD
Richardson TX PD,,Lee's Summit MO PD
Kendall County IL SO,,Lee's Summit MO PD
Aurora CO PD,,Lee's Summit MO PD
Williamston NC PD,,Lee's Summit MO PD
Pulaski TN PD,,Lee's Summit MO PD
Killeen TX PD,,Lee's Summit MO PD
Mokena IL PD,,Lee's Summit MO PD
Morrow GA PD ,,Lee's Summit MO PD
Clay County FL SO,,Lee's Summit MO PD
Lincolnshire IL PD,,Lee's Summit MO PD
Hinsdale IL PD,,Lee's Summit MO PD
York ME PD,,Lee's Summit MO PD
