Name,,,,,,,,,,
Assault LEO Suspect 26-01989,,,,,,,,,,
JCDTF,,,,,,,,,,
Det. Reese,,,,,,,,,,
CC JCDTF,,,,,,,,,,
JCDTF,,,,,,,,,,
LMN Shooting 26-00000,,,,,,,,,,
26-00000TFA/Fraud Use Of Credit Device,,,,,,,,,,
ERIC KING,,,,,,,,,,
Theft suspects,,,,,,,,,,
CRT FRIENDS,,,,,,,,,,
Known Shoplifters ,,,,,,,,,,
Lea McKeighan North,,,,,,,,,,
LSPD - CRIME REDUCTION TEAM,,,,,,,,,,
25-00395 TFA and Stolen Auto,,,,,,,,,,
CRT ONLY,,,,,,,,,,
Shoplifting Suspects,,,,,,,,,,
Indecent Exposure Subject,,,,,,,,,,
My List,,,,,,,,,,
OFFICER SAFETY,,,,,,,,,,
TFA SUSPECT,,,,,,,,,,
Auto Theft,,,,,,,,,,
ATL,,,,,,,,,,
"Lee's Summit, MO PD Felony alerts",,,,,,,,,,
AWheel Mids,,,,,,,,,,
JAKE CHRISTOPHERSON,,,,,,,,,,
Traffic,,,,,,,,,,
Car Prowler,,,,,,,,,,
Retail Theft Suspects,,,,,,,,,,
620 SQUAD ,,,,,,,,,,
,,,,,,,,,,
,,,,,,,,,,
,,,,,,,,,,
,,,,,,,,,,
,,,,,,,,,,
,,,,,,,,,,
,,,,,,,,,,
,,,,,,,,,,
,,,,,,,,,,
,,,,,,,,,,
,,,,,,,,,,
,,,,,,,,,,
,,,,,,,,,,
,,,,,,,,,,
,,,,,,,,,,
,,,,,,,,,,
,,,,,,,,,,
,,,,,,,,,,
,,,,,,,,,,
,,,,,,,,,,
,,,,,,,,,,
,,,,,,,,,,
,,,,,,,,,,
,,,,,,,,,,
,,,,,,,,,,
,,,,,,,,,,
,,,,,,,,,,
,,,,,,,,,,
,,,,,,,,,,
,,,,,,,,,,
,,,,,,,,,,
,,,,,,,,,,
,,,,,,,,,,
,,,,,,,,,,
,,,,,,,,,,
,,,,,,,,,,
,,,,,,,,,,
,,,,,,,,,,
,,,,,,,,,,
,,,,,,,,,,
,,,,,,,,,,
,,,,,,,,,,
,,,,,,,,,,
,,,,,,,,,,
,,,,,,,,,,
,,,,,,,,,,
,,,,,,,,,,
,,,,,,,,,,
,,,,,,,,,,
,,,,,,,,,,
,,,,,,,,,,
